,name,url,info,industry,turn,city
0,百炼智能,company/97865346,AI自动化知识内容创作服务商,industry.AI,phase.ANGEL,city.北京市
1,三加科技,company/93941968,人工智能家居设计平台,industry.AI,phase.B,city.北京市
2,梅卡曼德,company/177087,工业机器人智能解决方案提供商,industry.ROBOT,phase.A_PLUS,city.北京市
3,铁锹科技,company/61077242,大数据可视化分析及商业智能平台提供商,industry.SERVICE_INDUSTRIES,phase.SEED,city.北京市
4,北极星教育,company/30895103,AI教辅教学系统研发商,industry.EDUCATION_TRAINING,phase.A,city.北京市
5,云知声,company/6262,语音识别技术研发商,industry.AI,phase.D,city.北京市
6,清微智能,company/89381938,人工智能芯片及解决方案提供商,industry.AI,phase.ANGEL,city.北京市
7,葡萄智学,company/7312081,AI教育解决方案提供商,industry.AI,phase.ANGEL,city.北京市
8,小帮投资,company/93082440,智能投资顾问服务平台,industry.FINANCE,phase.A,city.北京市
9,极智嘉科技,company/100749,物流机器人及智能物流解决方案提供商,industry.LOGISTICS,phase.B,city.北京市
10,第四范式,company/33218,企业级人工智能PaaS平台研发商,industry.SERVICE_INDUSTRIES,phase.C,city.北京市
11,YI Tunnel,company/65932018,AI新零售技术解决方案提供商,industry.AI,phase.A,city.北京市
12,创新奇智,company/55891121,AI商业解决方案提供商,industry.AI,phase.A,city.北京市
13,AIface,company/71915456,AI人脸生成技术服务商,industry.AI,phase.ANGEL,city.北京市
14,学吧课堂,company/7492,中学生数学在线教育平台,industry.EDUCATION_TRAINING,phase.A_PLUS,city.北京市
15,秘塔科技,company/47363620,智能语义数据服务提供商,industry.AI,phase.ANGEL,city.北京市
16,石头科技,company/32435,扫地机器人制造商,industry.ROBOT,phase.C,city.北京市
17,恒安嘉新,company/14409909,网络与信息安全服务提供商,industry.SERVICE_INDUSTRIES,phase.D,city.北京市
18,让你火科技,company/77466719,社会热点话题PK社区,industry.MEDIA,phase.NONE,city.北京市
19,初速度科技,company/179967,自动驾驶技术研发商,industry.AI,phase.INFORMAL,city.北京市
20,光子算数,company/63789111,光子AI通用芯片研发生产商,industry.PEC,phase.NONE,city.北京市
21,商汤科技,company/24439,人工智能技术研发及服务商,industry.AI,phase.D,city.北京市
22,华瑞新智,company/59554519,人工智能服务引擎提供商,industry.AI,phase.A,city.北京市
23,Techsun,company/4459758,实体零售数字化全站解决方案提供商,industry.SERVICE_INDUSTRIES,phase.NONE,city.北京市
24,蓦然认知,company/132667,智能交互决策引擎研发商,industry.AI,phase.B,city.北京市
25,中科视语,company/80771242,AI解决方案和大数据服务商,industry.AI,phase.ANGEL,city.北京市
26,他山科技,company/24263763,人工智能触觉芯片研发商,industry.AI,phase.ANGEL,city.北京市
27,智行者科技,company/142327,自动驾驶智能汽车开发商,industry.AI,phase.B_PLUS,city.北京市
28,庖丁科技,company/89075252,AI金融数据结构化服务商,industry.AI,phase.ANGEL,city.北京市
29,地平线机器人,company/46064,人工智能解决方案提供商,industry.AI,phase.B,city.北京市
30,飓风预测,company/723597,人工智能投顾服务平台,industry.AI,phase.NONE,city.北京市
31,硅心科技,company/83438535,AI虚拟编程机器人研发商,industry.AI,phase.ANGEL,city.北京市
32,睿科伦,company/126750,智能聊天机器人研发商,industry.AI,phase.NONE,city.北京市
33,TOF远景立体视觉,company/2885229,机器视觉解决方案提供商,industry.AI,phase.NONE,city.北京市
34,探智立方,company/54797111,人工智能技术解决方案提供商,industry.AI,phase.ANGEL,city.北京市
35,AI音乐学院,company/81769438,智能互动音乐教学平台,industry.AI,phase.PRE_A,city.北京市
36,图灵机器人,company/30907,语音交互技术服务提供商,industry.AI,phase.B_PLUS,city.北京市
37,史河科技,company/2474023,爬壁机器人研发商,industry.ROBOT,phase.PRE_A,city.北京市
38,OKAY智慧教育,company/130833,AI教育服务提供商,industry.AI,phase.A,city.北京市
39,Vincross,company/37571,全地形六足机器人研发商,industry.ROBOT,phase.A_PLUS,city.北京市
40,宽凳科技,company/53642359,辅助驾驶高精地图提供商,industry.AUTO,phase.A,city.北京市
41,码客菠萝,company/88202236,青少年AI教育工具与内容云平台提供商,industry.EDUCATION_TRAINING,phase.SEED,city.北京市
42,思派网络,company/18681,肿瘤领域数据服务平台,industry.MEDICAL_HEALTH,phase.D,city.北京市
43,魔岛英语,company/45758750,人工智能英语学习平台,industry.AI,phase.A,city.北京市
44,阿凡达智能名片,company/27354161,Al智能营销型名片,industry.SERVICE_INDUSTRIES,phase.INFORMAL,city.北京市
45,桔子互动,company/72438909,聊天机器人研发服务商,industry.AI,phase.ANGEL,city.北京市
46,大艾机器人,company/116610,外骨骼康复训练机器人研发商,industry.ROBOT,phase.A,city.北京市
47,智铀科技,company/98769012,人工智能技术研发商,industry.AI,phase.PRE_A,city.北京市
48,大象保险,company/61580170,智能化保险服务平台,industry.FINANCE,phase.NONE,city.北京市
49,致远慧图,company/60189952,眼科影像AI医疗服务提供商,industry.MEDICAL_HEALTH,phase.A,city.北京市
50,中科视拓,company/161168,人脸识别技术服务提供商,industry.AI,phase.PRE_A,city.北京市
51,玩秘,company/57578,智能休闲娱乐生活助手APP,industry.CONSUMER_LIFESTYLE,phase.A,city.北京市
52,望石智慧,company/48115968,人工智能驱动新药研发商,industry.MEDICAL_HEALTH,phase.NONE,city.北京市
53,三角兽科技,company/117046,智能语义交互系统提供商,industry.AI,phase.B,city.北京市
54,MYNTAI小觅智能,company/22599,双目视觉定位导航设备研发商,industry.AI,phase.INFORMAL,city.北京市
55,得意音通,company/2281,声纹识别技术研发商,industry.AI,phase.A_PLUS,city.北京市
56,饭美美,company/125433,人工智能中餐标准化研发及制作的新型餐饮平台,industry.CONSUMER_LIFESTYLE,phase.A_PLUS,city.北京市
57,灵伴科技,company/57236,智能语音客服机器人研发商,industry.AI,phase.A_PLUS,city.北京市
58,医渡云,company/42944,医疗大数据服务平台,industry.MEDICAL_HEALTH,phase.A,city.北京市
59,中科创达,company/2394,智能终端操作系统及平台技术服务提供商,industry.SERVICE_INDUSTRIES,phase.IPO,city.北京市
60,爱数智慧,company/72548664,人工智能数据服务商,industry.AI,phase.A,city.北京市
61,驭势科技,company/154388,自动驾驶解决方案提供商,industry.INTELLIGENT_HARDWARE,phase.B,city.北京市
62,百应科技,company/165091,人工智能客服服务提供商,industry.AI,phase.A,city.北京市
63,智芯原动,company/32004,智能视频分析技术研发商,industry.AI,phase.B,city.北京市
64,先声教育,company/111388,AI教育服务商,industry.AI,phase.B,city.北京市
65,布科思科技,company/109743,机器人定位导航技术提供商,industry.ROBOT,phase.A,city.北京市
66,声智科技,company/103308,人工智能语音交互方案提供商,industry.AI,phase.B,city.北京市
67,盈科视控,company/39754837,机器视觉技术研发及应用服务商,industry.AI,phase.ANGEL,city.北京市
68,知乎,company/1118,在线问答知识社区平台,industry.SOCIAL_NETWORK,phase.E,city.北京市
69,杉数科技,company/151687,数据化决策方案服务公司,industry.SERVICE_INDUSTRIES,phase.A,city.北京市
70,小爱智能科技,company/39221072,人力资源AI技术供应商,industry.AI,phase.A,city.北京市
71,文因互联,company/100564,智能投研服务提供商,industry.FINANCE,phase.PRE_A,city.北京市
72,阿博茨科技,company/133526,AI云服务提供商,industry.AI,phase.B,city.北京市
73,透彻影像,company/70437356,人工智能病理辅助诊断技术开发商,industry.MEDICAL_HEALTH,phase.ANGEL,city.北京市
74,远形时空,company/135457,视觉SLAM技术研究及应用服务商,industry.AI,phase.A,city.北京市
75,思图场景,company/54644220,图像识别技术提供商,industry.AI,phase.PRE_A,city.北京市
76,澎峰科技,company/146268,AI领域性能优化解决方案提供商,industry.AI,phase.PRE_A,city.北京市
77,永洪科技,company/21795,数据可视化分析解决方案提供商,industry.SERVICE_INDUSTRIES,phase.C,city.北京市
78,铭台科技,company/156764,大数据应用和解决方案提供商,industry.SERVICE_INDUSTRIES,phase.A,city.北京市
79,强联智创,company/85318294,神经介入医疗器械和软件研发商,industry.MEDICAL_HEALTH,phase.ANGEL,city.北京市
80,时代拓灵,company/23538,智能音频软硬件技术提供商,industry.AI,phase.A,city.北京市
81,深度交叉科技,company/701411,智能投顾服务提供商,industry.FINANCE,phase.ANGEL,city.北京市
82,万灵云,company/151506,医学人工智能辅助诊断系统提供商,industry.MEDICAL_HEALTH,phase.PRE_A,city.北京市
83,云势软件,company/155947,生命科学领域云解决方案SaaS服务提供商,industry.SERVICE_INDUSTRIES,phase.B,city.北京市
84,一流科技,company/61226073,分布式深度学习平台解决方案提供商,industry.AI,phase.B,city.北京市
85,知因智慧,company/105096,金融大数据及知识图谱服务提供商,industry.SERVICE_INDUSTRIES,phase.A,city.北京市
86,格灵深瞳,company/8675,计算机视觉及深度学习技术研发商,industry.AI,phase.INFORMAL,city.北京市
87,声加科技,company/69012297,声学与语音交互技术研发商,industry.AI,phase.ANGEL,city.北京市
88,Airdoc,company/104504,影像辅助诊断AI医疗平台,industry.MEDICAL_HEALTH,phase.B_PLUS,city.北京市
89,深睿医疗,company/79121141,人工智能医疗影像系统研发商,industry.MEDICAL_HEALTH,phase.B,city.北京市
90,星尘数据,company/33474043,机器学习训练AI数据服务平台,industry.AI,phase.PRE_A,city.北京市
91,深动科技,company/90282622,自动驾驶解决方案提供商,industry.AI,phase.A,city.北京市
92,宙心科技,company/123594,人工智能产品平台及行业应用解决方案提供商,industry.AI,phase.PRE_A,city.北京市
93,数问科技,company/39530906,AI教育解决方案提供商,industry.EDUCATION_TRAINING,phase.ANGEL,city.北京市
94,爱因互动,company/45402567,智能客服研发商,industry.AI,phase.PRE_A,city.北京市
95,海天瑞声,company/30924,人工智能数据资源及相关数据服务提供商,industry.SERVICE_INDUSTRIES,phase.B,city.北京市
96,机器之心,company/37044256,人工智能领域科技媒体,industry.MEDIA,phase.PRE_B,city.北京市
97,慧拓智能,company/88065058,无人驾驶技术研发商,industry.AUTO,phase.ANGEL,city.北京市
98,海云数据,company/46467,数据可视化分析服务提供商,industry.SERVICE_INDUSTRIES,phase.B,city.北京市
99,新视家,company/659632,互联网电视生产服务提供商,industry.INTELLIGENT_HARDWARE,phase.ANGEL,city.北京市
100,泽创天成,company/74678791,医药研发及医疗大数据服务提供商,industry.MEDICAL_HEALTH,phase.ANGEL,city.北京市
101,深醒科技,company/59948896,人脸识别技术研发商,industry.AI,phase.B,city.北京市
102,SIGAI人工智能平台,company/57785441,国产的“零编程”，全流程可视化人工智能框架,industry.SERVICE_INDUSTRIES,phase.ANGEL,city.北京市
103,深维科技,company/34045619,智能FPGA芯片开发商,industry.AI,phase.PRE_A,city.北京市
104,DiluSense,company/94378687,计算机视觉技术研发商,industry.AI,phase.A,city.北京市
105,沃课WOX,company/69444188,AI教育服务提供商,industry.EDUCATION_TRAINING,phase.ANGEL,city.北京市
106,至真互联,company/113869,眼科远程医疗服务平台,industry.MEDICAL_HEALTH,phase.PRE_A,city.北京市
107,语智科技,company/89023350,AI语音识别技术研发商,industry.AI,phase.PRE_A,city.北京市
108,智能一点,company/66347863,AI售前导购服务平台,industry.AI,phase.PRE_A,city.北京市
109,新译科技,company/116495,语言在线处理服务商,industry.AI,phase.PRE_A,city.北京市
110,跃盟科技,company/162586,广告效果优化云服务提供商,industry.SERVICE_INDUSTRIES,phase.B,city.北京市
111,双髻鲨科技,company/154389,双目立体视觉ADAS研发提供商,industry.AI,phase.A,city.北京市
112,医准智能,company/45207310,AI医疗影像辅助诊断系统研发商,industry.AI,phase.A,city.北京市
113,幂律智能,company/23926361,法律领域人工智能解决方案提供商,industry.AI,phase.ANGEL,city.北京市
114,君林科技,company/18471593,声纹识别技术提供商,industry.AI,phase.ANGEL,city.北京市
115,腾客科技,company/154181,智慧安防系统研发商,industry.AI,phase.A,city.北京市
116,悟空保,company/69049,互联网保险定制服务商,industry.FINANCE,phase.B,city.北京市
117,中科博宏,company/29061266,人工智能解决方案提供商,industry.AI,phase.ANGEL,city.北京市
118,慧闻科技,company/102597,人工智能技术服务提供商,industry.AI,phase.NONE,city.北京市
119,领骏科技,company/29536966,自动驾驶技术研发商,industry.AI,phase.PRE_A,city.北京市
120,ii电话秘书,company/88072284,AI电话防骚扰工具,industry.SOFTWARE,phase.A,city.北京市
121,连心医疗,company/101807,智能放疗人工智能与云服务提供商,industry.MEDICAL_HEALTH,phase.A,city.北京市
122,吉斯卡,company/96588,交互式内容创作分发平台,industry.AI,phase.A,city.北京市
123,贪心学院,company/52664998,AI教育服务商,industry.AI,phase.NONE,city.北京市
124,清瞳时代,company/50069162,计算机视觉技术研发商,industry.AI,phase.ANGEL,city.北京市
125,准儿翻译,company/67095409,口语翻译设备研发商,industry.INTELLIGENT_HARDWARE,phase.PRE_A,city.北京市
126,小易智能医美,company/61811,智能医美健康产品研发商,industry.AI,phase.ANGEL,city.北京市
127,法里,company/117619,人工智能法律服务平台,industry.SERVICE_INDUSTRIES,phase.ANGEL,city.北京市
128,文安智能,company/31445,计算机视觉产品及解决方案提供商,industry.AI,phase.B,city.北京市
129,创想智控,company/107881,机器视觉自动化设备研发商,industry.AI,phase.INFORMAL,city.北京市
130,健康有益,company/76946153,AI精准健康管理系统研发商,industry.AI,phase.A,city.北京市
131,数字冰雹,company/4846296,大数据可视化分析决策服务提供商,industry.SERVICE_INDUSTRIES,phase.ANGEL,city.北京市
132,易华录,company/68972750,智慧城市解决方案提供商,industry.SERVICE_INDUSTRIES,phase.IPO,city.北京市
133,任买科技,company/71455480,金融科技解决方案提供商,industry.FINANCE,phase.NONE,city.北京市
134,异构智能,company/98772,AI计算芯片提供商,industry.AI,phase.A,city.北京市
135,布本智能,company/100495,企业智能助手产品提供商,industry.AI,phase.PRE_A,city.北京市
136,深思考人工智能,company/91506,人工智能算法研发商,industry.AI,phase.A,city.北京市
137,推想科技,company/115227,智能医疗影像诊断系统研发商,industry.MEDICAL_HEALTH,phase.C,city.北京市
138,华控清交信息科技,company/77393904,数据库开发商,industry.AI,phase.ANGEL,city.北京市
139,北京行为科技,company/99464251,人工智能安防服务提供商,industry.AI,phase.ANGEL,city.北京市
140,埃睿迪,company/12289,基于大数据的绿色工业互联网平台,industry.SERVICE_INDUSTRIES,phase.A_PLUS,city.北京市
141,释码大华科技,company/25541,虹膜识别技术提供商,industry.AI,phase.B,city.北京市
142,百度,company/3675,以搜索引擎为主的互联网综合服务提供商,industry.SOFTWARE,phase.INFORMAL,city.北京市
143,慧流科技,company/78448851,AI业务流程自动化服务商,industry.AI,phase.NONE,city.北京市
144,元橡科技,company/14785268,智能视觉解决方案提供商,industry.AI,phase.NONE,city.北京市
145,灵动音科技,company/50698363,基于人工智能技术的音乐创作服务商,industry.MEDIA,phase.ANGEL,city.北京市
146,尚学优测,company/19602,小学AI智慧学习平台,industry.EDUCATION_TRAINING,phase.NONE,city.北京市
147,鼎复数据,company/88896,智能投资研究服务提供商,industry.FINANCE,phase.A,city.北京市
148,天隼图像,company/165104,机器视觉硬件及算法研发商,industry.AI,phase.ANGEL,city.北京市
149,DeepCare,company/115930,医学影像识别及疾病筛查服务提供商,industry.MEDICAL_HEALTH,phase.INFORMAL,city.北京市
150,中云智车,company/63995435,智能汽车底盘提供商,industry.AI,phase.ANGEL,city.北京市
151,车和家,company/59385,智能新能源汽车研发商,industry.AUTO,phase.B,city.北京市
152,搜前途,company/8304,基于人工智能技术的人才大数据服务商,industry.SERVICE_INDUSTRIES,phase.INFORMAL,city.北京市
153,东方网力,company/90333683,AI视频监控服务提供商,industry.SERVICE_INDUSTRIES,phase.IPO,city.北京市
154,脑陆科技,company/45153998,脑科学及医学大数据服务提供商,industry.MEDICAL_HEALTH,phase.NONE,city.北京市
155,鑫洋泉,company/159807,ADAS智能泊车产品研发商,industry.AUTO,phase.ANGEL,city.北京市
156,开易科技,company/139480,为汽车提供高精确度的辅助驾驶安全算法的公司,industry.AUTO,phase.B,city.北京市
157,汇医慧影,company/36401,医疗影像智能云平台,industry.MEDICAL_HEALTH,phase.INFORMAL,city.北京市
158,爱医声,company/92004882,人工智能医疗设备研发商,industry.AI,phase.ANGEL,city.北京市
159,鼎奕科技,company/40840250,汽车智能辅助系统研发商,industry.AUTO,phase.NONE,city.北京市
160,图灵网安,company/62984168,网络安全防护系统提供商,industry.SERVICE_INDUSTRIES,phase.NONE,city.北京市
161,医众影像,company/15146,医疗影像数据服务平台,industry.MEDICAL_HEALTH,phase.PRE_A,city.北京市
162,哈利机器人,company/24931597,教育机器人研发商,industry.ROBOT,phase.ANGEL,city.北京市
163,智能毫米波传感器,company/136655,毫米波雷达研发商,industry.AUTO,phase.ANGEL,city.北京市
164,茶水时间,company/88327078,消费行为识别平台,industry.AI,phase.ANGEL,city.北京市
165,奥维视讯,company/29480,边缘智能超高清视频通讯产品和运营服务供应商,industry.SERVICE_INDUSTRIES,phase.NONE,city.北京市
166,零维时空,company/51965375,室内低速无人驾驶机器人研发商,industry.AI,phase.NONE,city.北京市
167,普强信息,company/22426,中文智能语音服务提供商,industry.AI,phase.D,city.北京市
168,六位时成,company/59425307,自然语言处理技术研发商,industry.AI,phase.ANGEL,city.北京市
169,洪泰智造,company/22857837,智能智造产业服务平台,industry.SERVICE_INDUSTRIES,phase.ANGEL,city.北京市
170,佐智汽车,company/146035,智能汽车及自动驾驶测试服务商,industry.AI,phase.NONE,city.北京市
171,EMOKIT,company/6109,AI情感智能商用引擎研发商,industry.AI,phase.ANGEL,city.北京市
172,深鉴科技,company/115256,深度学习专用平台,industry.AI,phase.ACQUIRED,city.北京市
173,奥开科技,company/51835433,养老机器人生产制造商,industry.ROBOT,phase.NONE,city.北京市
174,Gaiware概维智能,company/10005650,AI智能商业解决方案提供商,industry.SERVICE_INDUSTRIES,phase.ANGEL,city.北京市
175,肽积木,company/27162537,医学影像辅助诊断服务平台,industry.AI,phase.ANGEL,city.北京市
176,奇点机智,company/93748884,数字语音助手服务提供商,industry.AI,phase.A_PLUS,city.北京市
177,合一智芯,company/98300467,人工智能芯片研发商,industry.AI,phase.ANGEL,city.北京市
178,TokenInsight,company/37349182,区块链领域数据服务提供商,industry.SERVICE_INDUSTRIES,phase.A,city.北京市
179,爱动超越,company/45262710,人工智能技术应用服务商,industry.AI,phase.A,city.北京市
180,司马大大,company/35440,计算机视觉技术服务提供商,industry.AI,phase.B,city.北京市
181,北京唯思科技,company/90264973,人脸识别智能产品研发商,industry.AI,phase.ANGEL,city.北京市
182,未动科技,company/95962876,计算机视觉交互解决方案提供商,industry.AI,phase.PRE_A,city.北京市
183,Veniibot,company/93394623,智能扫拖机器人研发商,industry.ROBOT,phase.NONE,city.北京市
184,深度未来,company/36326372,机器视觉解决方案研发商,industry.AI,phase.NONE,city.北京市
185,中科汇联科技,company/31413,信息化管理软件研发商,industry.SERVICE_INDUSTRIES,phase.NEEQ,city.北京市
186,捷通华声,company/10588,人工智能整体解决方案提供商,industry.AI,phase.INFORMAL,city.北京市
187,蓝旷科技,company/81664319,人工智能解决方案提供商,industry.AI,phase.NONE,city.北京市
188,数知科技,company/48264729,人工智能决策服务提供商,industry.AI,phase.IPO,city.北京市
189,数聚工研,company/15805162,智能诊断系统研发商,industry.MEDICAL_HEALTH,phase.ANGEL,city.北京市
190,来也,company/23749,人工智能交互产品研发商,industry.AI,phase.B,city.北京市
191,谛听机器人,company/106248,中文语义分析与理解服务提供商,industry.AI,phase.NONE,city.北京市
192,拍拍赚,company/10803,新零售商品图像识别服务提供商,industry.SERVICE_INDUSTRIES,phase.C,city.北京市
193,慧医大白,company/15961700,AI家庭医生医疗辅助诊断服务提供商,industry.MEDICAL_HEALTH,phase.ANGEL,city.北京市
194,码牛科技,company/91863318,大数据采集与人工智能分析平台,industry.SERVICE_INDUSTRIES,phase.B,city.北京市
195,神州泰岳,company/22381,IT运维管理领域软件产品及服务提供商,industry.SERVICE_INDUSTRIES,phase.IPO,city.北京市
196,极速法务,company/4780731,基于语音识别技术的法律服务信息平台,industry.AI,phase.NONE,city.北京市
197,财富引擎,company/98926129,智能投顾服务平台,industry.FINANCE,phase.ANGEL,city.北京市
198,华据医疗,company/108884,医疗大数据服务提供商,industry.SERVICE_INDUSTRIES,phase.NONE,city.北京市
199,博思廷,company/22544849,智能视频分析服务商,industry.AI,phase.A_PLUS,city.北京市
200,酷云互动,company/24674,全媒体大数据服务提供商,industry.SERVICE_INDUSTRIES,phase.B,city.北京市
201,翼展科技,company/88947,医学智能影像解决方案提供商,industry.MEDICAL_HEALTH,phase.C,city.北京市
202,博识医疗云,company/46239,患者信息管理及数据分析平台,industry.MEDICAL_HEALTH,phase.A,city.北京市
203,英梅吉,company/29835,手势识别技术研发商,industry.AI,phase.PRE_A,city.北京市
204,兔比兔教育,company/64799817,教育AI共享平台,industry.EDUCATION_TRAINING,phase.ANGEL,city.北京市
205,爱特曼科技,company/161751,人工智能解决方案提供商,industry.AI,phase.A,city.北京市
206,神州数码医疗,company/70806811,医疗大数据及医院信息化服务提供商,industry.MEDICAL_HEALTH,phase.NONE,city.北京市
207,三川科技,company/37411439,人脸识别技术酒店应用服务商,industry.AI,phase.ANGEL,city.北京市
208,行易道,company/60256,毫米波雷达技术研发商,industry.AI,phase.B,city.北京市
209,品潮智能酒店,company/42474220,无人智能酒店运营商,industry.TRAVEL_OUTDOORS,phase.NONE,city.北京市
210,曜立科技,company/22645608,医疗数据处理软件研发商,industry.MEDICAL_HEALTH,phase.ANGEL,city.北京市
211,麦哲科技,company/1360934,图像识别技术研发商,industry.AI,phase.B,city.北京市
212,大恒图像,company/136319,机器视觉技术解决方案提供商,industry.AI,phase.NONE,city.北京市
213,Dreamua,company/96903334,AI社交应用研发商,industry.SOCIAL_NETWORK,phase.NONE,city.北京市
214,理琪教育,company/55931878,AI教育产品研发商,industry.AI,phase.NONE,city.北京市
215,艾特秘,company/42111466,基于区块链技术的智能投顾服务平台,industry.FINANCE,phase.NONE,city.北京市
216,侣程科技,company/31481359,中文人工智能导游服务平台,industry.TRAVEL_OUTDOORS,phase.ANGEL,city.北京市
217,造数,company/177686,智能数据挖掘平台,industry.SERVICE_INDUSTRIES,phase.PRE_A,city.北京市
218,LSK深度人工智能,company/48253,智能语音语义技术提供商,industry.AI,phase.NONE,city.北京市
219,凌动智行,company/3458,智能出行服务提供商,industry.AUTO,phase.INFORMAL,city.北京市
220,小白世纪,company/114012,视频搜索服务提供商,industry.AI,phase.A,city.北京市
221,泛化智能,company/177758,机器学习及计算机视觉解决方案提供商,industry.AI,phase.PRE_A,city.北京市
222,机甲时代机器人,company/106327,游戏对战机器人研发商,industry.ROBOT,phase.ANGEL,city.北京市
223,小丘AI,company/15317620,AI心理咨询服务提供商,industry.AI,phase.ANGEL,city.北京市
224,香九龄,company/116232,社区慢病管理服务提供商,industry.MEDICAL_HEALTH,phase.ANGEL,city.北京市
225,致悦科技,company/95762,私人管家服务提供商,industry.SERVICE_INDUSTRIES,phase.B,city.北京市
226,零氪科技,company/91995,肿瘤医疗大数据解决方案提供商,industry.MEDICAL_HEALTH,phase.C,city.北京市
227,任学堂,company/99434982,AI教育信息化服务商,industry.EDUCATION_TRAINING,phase.NONE,city.北京市
228,长垣智达,company/772547,智能网联汽车V2X产业研发商,industry.AUTO,phase.NONE,city.北京市
229,音乐笔记,company/1274,AI钢琴智能陪练系统研发商,industry.AI,phase.A,city.北京市
230,征图三维,company/22246523,移动测量系统软硬件服务提供商,industry.SERVICE_INDUSTRIES,phase.ANGEL,city.北京市
231,哆咪大狮,company/608293,AI钢琴陪练服务提供商,industry.EDUCATION_TRAINING,phase.SEED,city.北京市
232,中能博泰,company/27436543,能源行业解决方案提供商,industry.SERVICE_INDUSTRIES,phase.ANGEL,city.北京市
233,小葱智能,company/13082965,智慧家居技术解决方案提供商,industry.PROPERTY_AND_HOME_FURNISHINGS,phase.ANGEL,city.北京市
234,摩力HOP,company/70081257,智能健康管理服务平台,industry.MEDICAL_HEALTH,phase.NONE,city.北京市
235,云识图,company/30885,图像识别技术研发商,industry.AI,phase.NONE,city.北京市
236,京铂尔科技,company/42699200,智能厨房家电产品提供商,industry.INTELLIGENT_HARDWARE,phase.NONE,city.北京市
237,联诚智胜,company/93460551,电信大数据解决方案及人工智能客服应用提供商,industry.SERVICE_INDUSTRIES,phase.NEEQ,city.北京市
238,智飞云科,company/45910025,AI应用服务商,industry.AI,phase.ANGEL,city.北京市
239,星阵围棋,company/13130530,人工智能算法提供商,industry.AI,phase.NONE,city.北京市
240,中网天成,company/8249983,生物识别技术解决方案提供商,industry.AI,phase.NONE,city.北京市
241,星德智慧,company/7340156,AI医疗影像诊断与检索技术研发商,industry.AI,phase.NONE,city.北京市
242,海康金服,company/104998,线上借贷服务平台,industry.FINANCE,phase.NONE,city.北京市
243,三点一刻,company/68848,智慧协同营销服务提供商,industry.SERVICE_INDUSTRIES,phase.A,city.北京市
244,因果树,company/46200,人工智能股权投融资服务平台,industry.FINANCE,phase.C,city.北京市
245,Testin云测,company/1533,应用服务平台,industry.SERVICE_INDUSTRIES,phase.C,city.北京市
246,警视科技,company/13693,智能ADAS行车记录仪研发商,industry.AI,phase.NONE,city.北京市
247,布卡互动,company/103567,在线教育SaaS服务提供商,industry.SERVICE_INDUSTRIES,phase.A,city.北京市
248,心灵方舟,company/11123578,脑健康领域信息化解决方案提供商,industry.SERVICE_INDUSTRIES,phase.ANGEL,city.北京市
249,世通亨奇,company/119194,数据智能解决方案服务商,industry.SERVICE_INDUSTRIES,phase.ANGEL,city.北京市
250,百可录,company/34239318,场景化智能客服应用研发商,industry.AI,phase.B,city.北京市
251,陪练大师舞蹈教育,company/5592631,AI舞蹈教育服务平台,industry.EDUCATION_TRAINING,phase.NONE,city.北京市
252,三体高创科技,company/86208818,3D人体数据建模技术服务商,industry.AI,phase.ANGEL,city.北京市
253,中科神探,company/39760658,视频检索技术研发商,industry.AI,phase.NONE,city.北京市
254,集智AI学园,company/12660720,AI知识学习平台,industry.EDUCATION_TRAINING,phase.NONE,city.北京市
255,光子瑞利,company/10710220,AI光纤传感侦听技术服务商,industry.PEC,phase.NONE,city.北京市
256,云雀智享,company/8028796,智慧客服解决方案提供商,industry.AI,phase.ANGEL,city.北京市
257,银河水滴,company/137497,步态身份识别系统研发商,industry.AI,phase.PRE_A,city.北京市
258,清帆科技,company/135311,AI教育服务商,industry.EDUCATION_TRAINING,phase.INFORMAL,city.北京市
259,眸视科技,company/9918919,机器人定位技术研发商,industry.ROBOT,phase.ANGEL,city.北京市
260,医千创,company/107886,医用机器人研发商,industry.ROBOT,phase.ANGEL,city.北京市
261,FEED区块链,company/83582109,基于区块链和人工智能的内容生态价值平台,industry.SERVICE_INDUSTRIES,phase.SEED,city.北京市
262,焱论,company/1468000,电商产品数据库,industry.AI,phase.INFORMAL,city.北京市
263,卓视智通,company/179626,车辆识别算法研发商,industry.AI,phase.NONE,city.北京市
264,盛术科技,company/56648529,AI营销服务解决方案提供商,industry.AI,phase.NONE,city.北京市
265,AI100,company/56402479,人工智能技术和产业社区,industry.MEDIA,phase.ANGEL,city.北京市
266,紫睛科技,company/41459240,AI安防系统研发商,industry.AI,phase.ANGEL,city.北京市
267,氖星智能,company/73690986,人机自然语言交互平台,industry.AI,phase.ANGEL,city.北京市
268,Fitmate,company/79193633,AI健身私教应用,industry.SPORTS,phase.NONE,city.北京市
269,Alva Systems,company/93597099,脉冲神经网络技术研发商,industry.AI,phase.A,city.北京市
270,甲子研究院,company/93252790,AI风水命理服务商,industry.AI,phase.NONE,city.北京市
271,易享智行,company/85646478,新能源汽车智能出行服务平台,industry.AUTO,phase.NONE,city.北京市
272,帕斯泰克,company/46938699,中医智能诊断服务提供商,industry.MEDICAL_HEALTH,phase.ANGEL,city.北京市
273,普瑞基准,company/38669205,多组学数据分析服务平台,industry.MEDICAL_HEALTH,phase.ANGEL,city.北京市
274,人工智能学家Aitists,company/23001669,人工智能领域媒体,industry.MEDIA,phase.ANGEL,city.北京市
275,齐力科技,company/72278,异构可编程计算芯片供应商,industry.AI,phase.PRE_A,city.北京市
276,彩云AI,company/24953,人工智能应用开发商,industry.AI,phase.ANGEL,city.北京市
277,爱天教育,company/62647,AI英语学习系统研发商,industry.AI,phase.A,city.北京市
278,炫睛科技,company/96649,儿童教育产品及娱乐内容研发商,industry.EDUCATION_TRAINING,phase.NONE,city.北京市
279,BasicFinder,company/80213869,人工智能数据供应商,industry.AI,phase.A,city.北京市
280,雏鹰教育平台,company/30934861,基于人的心理核心诉求，进行分类的青少年素质教育及成长规划平台,industry.EDUCATION_TRAINING,phase.NONE,city.北京市
281,诺道医学,company/5203219,智能辅助诊断系统研发商,industry.MEDICAL_HEALTH,phase.ANGEL,city.北京市
282,视诀科技,company/59802,人脸识别云计算平台,industry.AI,phase.A,city.北京市
283,EchoCloud回声云,company/80503356,智能对话交互平台,industry.AI,phase.PRE_A,city.北京市
284,医语通,company/78331621,智能语音交互的知识问答和病历查询平台,industry.AI,phase.ANGEL,city.北京市
285,正安维视,company/48833995,计算机视觉与智慧感知产品研发商,industry.AI,phase.NEEQ,city.北京市
286,蒙特卡洛,company/41602841,区块链及人工智能服务提供商,industry.SERVICE_INDUSTRIES,phase.A,city.北京市
287,航景无人机,company/32367103,无人机研发商,industry.UAV,phase.A,city.北京市
288,光速已来,company/97669076,双向数据云加速服务提供商,industry.SERVICE_INDUSTRIES,phase.ANGEL,city.北京市
289,汉王科技,company/27851,文字识别技术及智能交互设备研发商,industry.AI,phase.IPO,city.北京市
290,京华未来,company/44379163,服务型机器人研发商,industry.ROBOT,phase.NONE,city.北京市
291,小编机器人,company/19887331,汉语文本智能认知系统研发商,industry.AI,phase.NONE,city.北京市
292,绪水互联,company/6785859,医疗设备数据服务提供商,industry.MEDICAL_HEALTH,phase.NONE,city.北京市
293,医者笔记,company/123659,临床病例数据库平台,industry.MEDICAL_HEALTH,phase.NONE,city.北京市
294,金客科技,company/58117928,投融资撮合服务平台,industry.FINANCE,phase.A_PLUS,city.北京市
295,诸葛牛,company/49714488,智能投顾理财平台,industry.FINANCE,phase.NONE,city.北京市
296,米文动力,company/59020253,嵌入式AI解决方案提供商,industry.AI,phase.A,city.北京市
297,国泰医疗,company/46566470,医生培训及基层医疗数据平台,industry.MEDICAL_HEALTH,phase.ANGEL,city.北京市
298,上古视觉,company/97908,大景深虹膜识别系统,industry.AI,phase.NONE,city.北京市
299,智慧眼,company/22843,综合性生物识别技术研发商,industry.AI,phase.NEEQ,city.北京市
300,AInvest,company/11629527,智能投顾软件,industry.FINANCE,phase.NONE,city.北京市
301,超云辅助诊断,company/67648734,人工智能乳腺肿瘤超声影像捕获与辅助诊断系统,industry.AI,phase.NONE,city.北京市
302,健和科技,company/29858433,脑卒中筛查与防治数据库及信息直报管理平台,industry.MEDICAL_HEALTH,phase.SEED,city.北京市
303,仝睿科技,company/22756228,自然语言处理技术研发商,industry.AI,phase.NONE,city.北京市
304,懒财金服,company/24167,智能投资服务平台,industry.FINANCE,phase.C_PLUS,city.北京市
305,豌豆派,company/23249,学前共享外教在线服务平台,industry.EDUCATION_TRAINING,phase.ANGEL,city.北京市
306,禾多科技,company/79441891,自动驾驶解决方案提供商,industry.AI,phase.A,city.北京市
307,虎鲸跳跃,company/76742133,AI销售解决方案提供商,industry.AI,phase.PRE_A,city.北京市
308,师大精准教育,company/68962088,人工智能K12教育机构,industry.EDUCATION_TRAINING,phase.NONE,city.北京市
309,易聊科技,company/42149764,智能客服机器人研发商,industry.AI,phase.NONE,city.北京市
310,百世汇方,company/39928741,智慧医疗服务管理平台,industry.MEDICAL_HEALTH,phase.NONE,city.北京市
311,魔活儿,company/39215019,智能投顾解决方案提供商,industry.FINANCE,phase.SEED,city.北京市
312,NumeBlox,company/21586481,机器人视觉定位技术提供商,industry.AI,phase.NONE,city.北京市
313,AI Brain,company/20707482,人工智能算法研发商,industry.AI,phase.NONE,city.北京市
314,Pandaily,company/9370993,智能信息服务提供商,industry.AI,phase.ANGEL,city.北京市
315,阿尔山金融,company/139172,区块链技术应用服务提供商,industry.FINANCE,phase.A,city.北京市
316,图存科技,company/123621,车辆智能识别技术研发商,industry.AI,phase.NONE,city.北京市
317,恺恩泰,company/110934,医疗大数据服务提供商,industry.MEDICAL_HEALTH,phase.NONE,city.北京市
318,洪泰AA加速器,company/89454,项目投资加速服务平台,industry.SERVICE_INDUSTRIES,phase.NONE,city.北京市
319,妙计旅行,company/24566,提供智能行程规划工具的公司,industry.TRAVEL_OUTDOORS,phase.B,city.北京市
320,爬梯阅读,company/20152,小学生朗读背诵学习工具,industry.SOFTWARE,phase.PRE_A,city.北京市
321,纳象立方,company/5129,云字幕公共服务平台,industry.AI,phase.A,city.北京市
322,康小明,company/1203,健康大数据分析平台,industry.MEDICAL_HEALTH,phase.NONE,city.北京市
323,VeriCloud,company/63561855,视觉云计算服务商,industry.SERVICE_INDUSTRIES,phase.NONE,city.北京市
324,妈宝秀,company/32433673,个性化儿童教育方案及服务提供商,industry.EDUCATION_TRAINING,phase.ANGEL,city.北京市
325,AI Star,company/24426318,AI视频换脸服务平台,industry.AI,phase.NONE,city.北京市
326,VisualNext创愿云端,company/3626128,互动视频社交、AI辨识标注视频提供商,industry.SERVICE_INDUSTRIES,phase.NONE,city.北京市
327,隆恩智慧,company/92924397,智能巡查系统研发商,industry.AI,phase.NONE,city.北京市
328,笔神,company/44924567,AI作文辅导老师,industry.EDUCATION_TRAINING,phase.SEED,city.北京市
329,咪桃mito,company/59867,美胸健胸方案和服务平台,industry.MEDICAL_HEALTH,phase.NONE,city.北京市
330,万方数据,company/9860,中外文信息内容服务商,industry.SERVICE_INDUSTRIES,phase.A,city.北京市
331,妙寻医生,company/95199414,人工智能导医平台,industry.MEDICAL_HEALTH,phase.ANGEL,city.北京市
332,新智元,company/98118,人工智能领域资讯媒体社交平台,industry.MEDIA,phase.PRE_A,city.北京市
333,美宅科技,company/35524561,AI家居零售解决方案提供商,industry.PROPERTY_AND_HOME_FURNISHINGS,phase.NONE,city.北京市
334,彩豚智能,company/13587886,智能语音技能应用研发商,industry.AI,phase.NONE,city.北京市
335,Roobo,company/102297,智能教育机器人研发商,industry.ROBOT,phase.B,city.北京市
336,华震咨询,company/95555407,投融资咨询服务商,industry.FINANCE,phase.ANGEL,city.北京市
337,小微财服,company/89262608,基于AI和区块链技术的小微企业财务服务平台。,industry.SERVICE_INDUSTRIES,phase.ANGEL,city.北京市
338,火花无人巴士,company/66745355,无人驾驶巴士研发商,industry.AUTO,phase.NONE,city.北京市
339,量子位,company/55429521,科技资讯自媒体,industry.MEDIA,phase.ANGEL,city.北京市
340,凌云互联,company/46327762,临床辅助诊断系统研发商,industry.MEDICAL_HEALTH,phase.A,city.北京市
341,维他康智,company/44265044,智能诊断系统研发商,industry.MEDICAL_HEALTH,phase.ANGEL,city.北京市
342,云孚科技,company/43093549,中文语义技术服务商,industry.SERVICE_INDUSTRIES,phase.NONE,city.北京市
343,智电助理,company/23062771,AI代接助理平台,industry.AI,phase.NONE,city.北京市
344,小懂健康,company/18507348,智能诊断系统研发商,industry.MEDICAL_HEALTH,phase.NONE,city.北京市
345,Deeplearning.ai,company/6277827,深度学习课程培训服务提供商,industry.AI,phase.NONE,city.北京市
346,蓝杞数据,company/90789417,IDC冷数据处理服务商,industry.SERVICE_INDUSTRIES,phase.A,city.北京市
347,燕南科技,company/34399,指静脉活体生物识别技术研发商,industry.AI,phase.A,city.北京市
348,时序易简科技,company/24424,图像处理与人工智能技术服务提供商,industry.SERVICE_INDUSTRIES,phase.A,city.北京市
349,全悉科技,company/67238935,人工智能行为安全服务商,industry.AI,phase.ANGEL,city.北京市
350,脑果,company/40579383,脑机接口设备研发商,industry.INTELLIGENT_HARDWARE,phase.NONE,city.北京市
351,优丫优科技,company/38334,AI视功能诊疗综合服务提供商,industry.MEDICAL_HEALTH,phase.PRE_A,city.北京市
352,拍照取字APP,company/81806327,手机文字扫描类工具,industry.AI,phase.SEED,city.北京市
353,掌心互联,company/33182536,AI数据内容服务商,industry.SERVICE_INDUSTRIES,phase.NONE,city.北京市
354,深瞐科技,company/113946,图像识别及智能视频信息化解决方案研发商,industry.AI,phase.A_PLUS,city.北京市
355,风语者机器人,company/102295,智能客服机器人研发商,industry.AI,phase.NEEQ,city.北京市
356,易康云,company/101634,移动健康管理平台运营商,industry.MEDICAL_HEALTH,phase.NEEQ,city.北京市
357,云量科技,company/91232,智能机器人语言交互解决方案提供商,industry.AI,phase.INFORMAL,city.北京市
358,成长助理,company/37176,中小学生学业跟踪管理平台,industry.EDUCATION_TRAINING,phase.NONE,city.北京市
359,极智汇,company/33249,基于人工智能的移动营销服务商,industry.SERVICE_INDUSTRIES,phase.A,city.北京市
360,纳人,company/30337,在线精准人岗匹配人才服务提供商,industry.SERVICE_INDUSTRIES,phase.A,city.北京市
361,长亭科技,company/21134,应用层防护网络安全服务商,industry.SERVICE_INDUSTRIES,phase.B,city.北京市
362,51VR,company/17092,VR+AI自动驾驶技术服务提供商,industry.VR_AR,phase.B,city.北京市
363,权管家,company/10988396,图形商标搜索平台,industry.SERVICE_INDUSTRIES,phase.ANGEL,city.北京市
364,易嘉财税,company/163240,基于人工智能的小微企业财税软件,industry.SERVICE_INDUSTRIES,phase.NONE,city.北京市
365,Eyespage页码科技,company/31909,AI生活助手研发商,industry.AI,phase.ANGEL,city.北京市
366,+1漫画,company/43071001,动漫阅读平台以及动漫人物养成游戏平台,industry.MEDIA,phase.NONE,city.北京市
367,北京光映科技,company/32139086,3D激光扫描雷达研发商,industry.INTELLIGENT_HARDWARE,phase.NONE,city.北京市
368,零犀科技,company/7167304,L4级智能客服机器人研发商,industry.AI,phase.ANGEL,city.北京市
369,量子沙盘,company/106579,金融投资与核心决策数据提供商,industry.FINANCE,phase.NONE,city.北京市
370,汇盈金服,company/83769557,投融资服务提供商,industry.FINANCE,phase.NONE,city.北京市
371,航大云科技,company/82280049,智能航空数据分析服务提供商,industry.AI,phase.NONE,city.北京市
372,华信云,company/81655505,一站式企业消费服务云平台,industry.SERVICE_INDUSTRIES,phase.B,city.北京市
373,金融人工智能革命,company/39898826,股市预测人工智能解决方案提供商,industry.FINANCE,phase.NONE,city.北京市
374,渠道投放（ROI）预测系统,company/14197900,投放决策服务系统,industry.SERVICE_INDUSTRIES,phase.NONE,city.北京市
375,爱扒词,company/97961,速记扒词服务平台,industry.AI,phase.ANGEL,city.北京市
376,蝌蚪互娱,company/53499639,智能数据分析平台,industry.SERVICE_INDUSTRIES,phase.NONE,city.北京市
377,时光极科技,company/48952585,智能音箱研发商,industry.INTELLIGENT_HARDWARE,phase.NONE,city.北京市
378,北京精英系统,company/2123334,AI烟火检测摄像机研发商,industry.INTELLIGENT_HARDWARE,phase.NONE,city.北京市
379,动仿航泰,company/72811030,人工智能生产矩阵系统研发商,industry.ROBOT,phase.NONE,city.北京市
380,博达微,company/97839372,集成电路EDA解决方案及设计支持服务提供商,industry.SERVICE_INDUSTRIES,phase.A,city.北京市
381,智能车联,company/93452409,智能驾驶与车联网设备研发平台,industry.AI,phase.ANGEL,city.北京市
382,曙光易通,company/74316764,生物特征识别和人体体征传感技术服务商,industry.SERVICE_INDUSTRIES,phase.INFORMAL,city.北京市
383,东方瓦力,company/66864761,智能儿童机器人研发商,industry.ROBOT,phase.A,city.北京市
384,铭垚科技,company/38853211,企业财务智能管控服务提供商,industry.SERVICE_INDUSTRIES,phase.NONE,city.北京市
385,问众智能,company/27194117,车载人工智能技术研发及应用商,industry.AI,phase.NONE,city.北京市
386,猎户座实验室,company/27929,AI研发及机器人解决方案提供商,industry.AI,phase.NONE,city.北京市
387,今日知识,company/80792636,基于人工智能的知识技能共享与学习平台,industry.EDUCATION_TRAINING,phase.NONE,city.北京市
388,达亚创微,company/25881582,无人驾驶环境感知探测技术研发商,industry.AI,phase.NONE,city.北京市
389,Aibee爱笔,company/81471147,人工智能行业应用解决方案提供商,industry.AI,phase.A,city.北京市
390,中电协通,company/85740661,智慧产业解决方案提供商,industry.SERVICE_INDUSTRIES,phase.NONE,city.北京市
391,灵汐科技,company/64466566,AI类脑计算芯片研发服务商,industry.AI,phase.ANGEL,city.北京市
392,九方宽客,company/59634461,智能投研投顾解决方案提供商,industry.FINANCE,phase.NONE,city.北京市
393,Sigarea每景,company/48792536,智能安检技术及服务提供商,industry.AI,phase.NONE,city.北京市
394,ABC学城,company/45325236,ABC类实战性课程在线学习平台,industry.EDUCATION_TRAINING,phase.NONE,city.北京市
395,一起享,company/44254001,AI培训机构智选服务商,industry.EDUCATION_TRAINING,phase.NONE,city.北京市
396,积加科技,company/23642686,智能家居操作系统开发商,industry.INTELLIGENT_HARDWARE,phase.ANGEL,city.北京市
397,旷视科技,company/28111,AI行业应用解决方案提供商,industry.AI,phase.E,city.北京市
398,出门问问,company/7465,AI语音交互和智能硬件研发服务商,industry.AI,phase.D,city.北京市
399,MAYWHAT,company/71993449,智能医美机器人研发商,industry.ROBOT,phase.NONE,city.北京市
400,猎豹网络科技,company/31720662,智能硬件产品研发商,industry.INTELLIGENT_HARDWARE,phase.NONE,city.北京市
401,对话万物--有主见的AI对话机器人,company/17857877,对话万物--有主见的AI对话机器人,industry.AI,phase.ANGEL,city.北京市
402,众标,company/62385,大数据应用服务提供商,industry.SERVICE_INDUSTRIES,phase.B,city.北京市
403,京品高科,company/37611146,智能售卖系统整体解决方案提供商,industry.SERVICE_INDUSTRIES,phase.ANGEL,city.北京市
404,利泽菲尔,company/35903349,智能图像深度信息挖掘服务平台,industry.AI,phase.SEED,city.北京市
405,增强智能科技,company/28948007,语音交互技术研发商,industry.AI,phase.A,city.北京市
406,创景咨询,company/5847228,CRM业务管理平台,industry.SERVICE_INDUSTRIES,phase.NONE,city.北京市
407,业工石大科技,company/100253,自动驾驶算法研发商,industry.AI,phase.NONE,city.北京市
408,蜜枣网,company/22270,情绪智能分析服务平台,industry.SERVICE_INDUSTRIES,phase.NONE,city.北京市
409,万界数据,company/97800859,反欺诈及大数据征信服务提供商,industry.FINANCE,phase.PRE_A,city.北京市
410,易码云天CELLA,company/84112804,企业级用户链接AI人工智能服务的平台,industry.SERVICE_INDUSTRIES,phase.INFORMAL,city.北京市
411,道口金科,company/78172723,金融合规监管服务商,industry.FINANCE,phase.ANGEL,city.北京市
412,阿法龙科技,company/50973803,智能眼镜产品研发商,industry.INTELLIGENT_HARDWARE,phase.NONE,city.北京市
413,欧百拓,company/36136566,激光雷达自动驾驶技术解决方案提供商,industry.AI,phase.NONE,city.北京市
414,喵图科技,company/20526511,人工智能图像视频处理技术服务商,industry.AI,phase.PRE_A,city.北京市
415,海螺智能,company/58200,图像识别和目标追踪智能视觉硬件模组研发商,industry.ROBOT,phase.NONE,city.北京市
416,中科慧眼,company/36652,自动驾驶双目立体视觉感知技术研发商,industry.AI,phase.PRE_B,city.北京市
417,掌中康,company/18381,智能诊断服务平台,industry.MEDICAL_HEALTH,phase.NONE,city.北京市
418,速报,company/92020,智能信息监测服务系统,industry.SERVICE_INDUSTRIES,phase.NONE,city.北京市
419,SmartAll AIoT,company/66643106,智能零售解决方案提供商,industry.INTELLIGENT_HARDWARE,phase.ANGEL,city.北京市
420,灵悦智汇,company/47494573,AI家居控制系统研发商,industry.AI,phase.NONE,city.北京市
421,快软件,company/45494,企业软件开发商,industry.SERVICE_INDUSTRIES,phase.ANGEL,city.北京市
422,青桦医学,company/75514583,智能问诊系统研发商,industry.MEDICAL_HEALTH,phase.NONE,city.北京市
423,同方软件,company/48230004,人工智能大数据视频分析系统研发商,industry.AI,phase.NONE,city.北京市
424,中国科学院软件研究所国家重点实验室,company/43789272,基于机器学习的自动化带参协议验证系统研发机构,industry.AI,phase.NONE,city.北京市
425,智护健康,company/34550771,智能护理路径引导系统研发商,industry.MEDICAL_HEALTH,phase.NONE,city.北京市
426,医智芯,company/28409409,AI医疗技术研发商,industry.MEDICAL_HEALTH,phase.NONE,city.北京市
427,国科众创,company/2095786,AI儿童英语教聊天机器人研发商,industry.EDUCATION_TRAINING,phase.NONE,city.北京市
428,婴儿保,company/164995,孕婴生命体征检测与监护传感器制造商,industry.INTELLIGENT_HARDWARE,phase.ANGEL,city.北京市
429,亿建康诚,company/99535,医疗大数据平台,industry.MEDICAL_HEALTH,phase.NONE,city.北京市
430,悦康复,company/62536,智能传感移动康复服务平台,industry.MEDICAL_HEALTH,phase.NONE,city.北京市
431,优序科技,company/58364,个人管理软件,industry.SOFTWARE,phase.NONE,city.北京市
432,TouchCode编程积木,company/12103335,儿童编程教育服务商,industry.EDUCATION_TRAINING,phase.NONE,city.北京市
433,众智益华,company/6345,人脸识别技术研发商,industry.AI,phase.NONE,city.北京市
434,光速迭代科技,company/99583085,投资交易服务系统提供商,industry.FINANCE,phase.NONE,city.北京市
435,瑞莱智慧,company/99463685,AI行业应用服务提供商,industry.AI,phase.ANGEL,city.北京市
436,慧眼识真,company/99426668,虹膜身份识别技术研发公司,industry.AI,phase.NONE,city.北京市
437,云量互动,company/98592473,零售百货行业AI解决方案提供商,industry.SERVICE_INDUSTRIES,phase.NONE,city.北京市
438,超美满健康管理,company/98540539,智能健康管理服务平台,industry.MEDICAL_HEALTH,phase.NONE,city.北京市
439,小嘿扫描,company/98062102,图片文字提取OCR软件,industry.SOFTWARE,phase.NONE,city.北京市
440,华科虹盾,company/97827577,虹膜识别技术研发商,industry.AI,phase.NONE,city.北京市
441,知心医生,company/97593624,健康数据管理及在线问诊平台,industry.MEDICAL_HEALTH,phase.NONE,city.北京市
442,深源恒际,company/97205052,AI保险服务平台,industry.AI,phase.NONE,city.北京市
443,谷东科技,company/97132246,AI与AR应用技术服务商,industry.AI,phase.NONE,city.北京市
444,瑞客数据,company/96742273,医疗大数据云平台,industry.MEDICAL_HEALTH,phase.NONE,city.北京市
445,安德医智,company/96719509,人工智能辅助诊断产品提供商,industry.AI,phase.NONE,city.北京市
446,主惠健康,company/96702654,健康监测智能手表及系统提供商,industry.MEDICAL_HEALTH,phase.NONE,city.北京市
447,鸥若教育,company/96008632,人工智能技术培训服务提供商,industry.EDUCATION_TRAINING,phase.NONE,city.北京市
448,速普创新,company/95297963,孵化器加速平台,industry.SERVICE_INDUSTRIES,phase.NONE,city.北京市
449,FaceWallet,company/94647270,人工智能区块链钱包研发商,industry.AI,phase.NONE,city.北京市
450,泓观科技,company/92167698,专注于边缘计算与异构加速的嵌入式人工智能技术产品提供商,industry.AI,phase.ANGEL,city.北京市
451,车主金服,company/91810134,汽车领域普惠金融服务提供商,industry.FINANCE,phase.NONE,city.北京市
452,万达网络,company/91601618,实体商业和互联网领域解决方案提供商,industry.SERVICE_INDUSTRIES,phase.NONE,city.北京市
453,北京商高科技,company/90929583,AI行业应用产品提供商,industry.AI,phase.ANGEL,city.北京市
454,龙诚健康大数据,company/90656804,健康移动大数据分析服务提供商,industry.MEDICAL_HEALTH,phase.NONE,city.北京市
455,吾译超群,company/90656635,智能化翻译教学系统研发商,industry.EDUCATION_TRAINING,phase.NONE,city.北京市
456,小伊智能,company/90500565,AI彩妆零售机开发商,industry.AI,phase.ANGEL,city.北京市
457,准脉信息,company/90312582,创业服务平台提供商,industry.SERVICE_INDUSTRIES,phase.ANGEL,city.北京市
458,睿光育人,company/90072156,智能教育系统及产品研发商,industry.SERVICE_INDUSTRIES,phase.ANGEL,city.北京市
459,亮道智能,company/89764770,基于激光雷达自动驾驶量产解决方案提供商,industry.AUTO,phase.ANGEL,city.北京市
460,数字指通,company/89735887,指纹特征识别产品研发商,industry.AI,phase.NONE,city.北京市
461,九狐智能,company/89695550,智能语音交互解决方案提供商,industry.AI,phase.NONE,city.北京市
462,巴塔科技,company/89426505,生物识别算法研发商,industry.AI,phase.NONE,city.北京市
463,智义科技,company/88360332,智能问答服务提供商,industry.AI,phase.NONE,city.北京市
464,唯易智控,company/88304090,通过解决WiFi精准接入问题来切入市场的智能家居产品,industry.INTELLIGENT_HARDWARE,phase.NONE,city.北京市
465,欢乐叮当,company/88142647,智能门禁系统提供商,industry.PROPERTY_AND_HOME_FURNISHINGS,phase.NONE,city.北京市
466,灵呼宝,company/88125164,智能语音机器人提供商,industry.AI,phase.NONE,city.北京市
467,数腾天下,company/87086812,线下精准商机分发引擎,industry.AI,phase.NONE,city.北京市
468,犀牛车信,company/86766351,车载智能语音服务系统研发商,industry.AUTO,phase.NONE,city.北京市
469,极速手机,company/85857166,智能手机研发商,industry.INTELLIGENT_HARDWARE,phase.NONE,city.北京市
470,睿兔投顾,company/85088199,个人理财风险管理工具以及智能投顾平台,industry.FINANCE,phase.NONE,city.北京市
471,盘谷科技,company/84867702,人工智能算法商店运营商,industry.AI,phase.NONE,city.北京市
472,TurboData,company/84752459,人工智能安全业务服务提供商,industry.SERVICE_INDUSTRIES,phase.NONE,city.北京市
473,丰灵软件,company/84552372,企业级的大数据分析与智能营销平台,industry.SERVICE_INDUSTRIES,phase.NONE,city.北京市
474,彩虹契约,company/83522036,区块链同性恋服务平台,industry.AI,phase.NONE,city.北京市
475,深知无限,company/83513563,AI技术产业化应用服务商,industry.AI,phase.NONE,city.北京市
476,微光互联,company/83276172,二维码相关硬件生产商,industry.INTELLIGENT_HARDWARE,phase.NONE,city.北京市
477,华云智能,company/82458690,智能信息处理系统开发商,industry.AI,phase.NONE,city.北京市
478,博视未来,company/82295772,计算机视觉技术研发商,industry.AI,phase.NONE,city.北京市
479,中科智芯,company/82156051,教育信息化整体解决方案提供商,industry.EDUCATION_TRAINING,phase.NONE,city.北京市
480,海纳智投,company/82056013,智能投顾服务提供商,industry.FINANCE,phase.A,city.北京市
481,Google Developers 中国,company/81632570,为中国开发者提供产品开发服务的谷歌平台,industry.SERVICE_INDUSTRIES,phase.NONE,city.北京市
482,360良医,company/81384195,AI辅助医疗服务平台,industry.MEDICAL_HEALTH,phase.NONE,city.北京市
483,医云智能,company/81347831,基于AI的院内院外智能医学服务平台,industry.AI,phase.NONE,city.北京市
484,焕发,company/81340241,人脸识别发型更换app,industry.AI,phase.NONE,city.北京市
485,三朵云彩技术,company/80552937,AI医疗及医用机器人提供商,industry.MEDICAL_HEALTH,phase.NONE,city.北京市
486,魔数科技,company/80176885,大数据和智能应用科技服务公司,industry.SERVICE_INDUSTRIES,phase.ANGEL,city.北京市
487,奥特贝睿,company/79164730,无人驾驶技术研发商,industry.AI,phase.ANGEL,city.北京市
488,求导科技,company/78842433,AI行业信息整合平台,industry.AI,phase.ANGEL,city.北京市
489,中教智拓,company/78665039,人工智能职业技能培训服务商,industry.EDUCATION_TRAINING,phase.NONE,city.北京市
490,沃德米,company/78623171,智能手写板研发商,industry.INTELLIGENT_HARDWARE,phase.ANGEL,city.北京市
491,华科动力,company/78204455,Ai大脑与技术服务提供商,industry.AI,phase.NONE,city.北京市
492,天诚盛业,company/77341028,生物识别技术解决方案提供商,industry.AI,phase.NONE,city.北京市
493,图知天下,company/77134449,人工智能技术研发及应用服务商,industry.AI,phase.NONE,city.北京市
494,王府科技,company/76658433,室内环境控制系统及智能家居产品研发商,industry.SERVICE_INDUSTRIES,phase.NONE,city.北京市
495,5LIKE,company/76458146,智能计算服务商,industry.AI,phase.NONE,city.北京市
496,融数云途,company/76141057,企业级智能决策软件服务商,industry.SERVICE_INDUSTRIES,phase.ANGEL,city.北京市
497,未感科技,company/75956025,激光雷达技术研发商,industry.INTELLIGENT_HARDWARE,phase.ANGEL,city.北京市
498,深脑科技,company/75872889,人机对话技术研发商,industry.AI,phase.NONE,city.北京市
499,Link land灵兰,company/74738502,中医诊断机器人研发商,industry.MEDICAL_HEALTH,phase.NONE,city.北京市
500,一维创新科技,company/74650481,语音识别技术提供商,industry.AI,phase.A,city.北京市
501,宽凳智云科技,company/73729496,自动驾驶大数据服务平台,industry.AI,phase.NONE,city.北京市
502,喜年科技,company/73173454,移动健康大数据管理平台研发商,industry.MEDICAL_HEALTH,phase.NONE,city.北京市
503,BabyFinder,company/71273984,儿童防丢领域产品研发公司,industry.AI,phase.NONE,city.北京市
504,时代云英,company/70552847,人脸识别云服务和解决方案提供商,industry.AI,phase.NONE,city.北京市
505,泽天创新,company/70392166,人工智能技术研发及服务商,industry.AI,phase.NONE,city.北京市
506,RealChain,company/69588878,区块链平台与智能硬件服务提供商,industry.SERVICE_INDUSTRIES,phase.NONE,city.北京市
507,话小秘,company/69275304,电销服务平台,industry.SERVICE_INDUSTRIES,phase.SEED,city.北京市
508,艾宾浩斯智能英语,company/69243048,智能英语教育培训机构,industry.AI,phase.NONE,city.北京市
509,睿安科技,company/68715405,智能视频分析技术研发商,industry.AI,phase.NONE,city.北京市
510,探境科技,company/68431701,嵌入式人工智能技术研发商,industry.AI,phase.B,city.北京市
511,中软信,company/67919998,身份证云识别技术提供商,industry.AI,phase.ANGEL,city.北京市
512,优零科技,company/67886280,AI落地应用研发商,industry.SERVICE_INDUSTRIES,phase.NONE,city.北京市
513,影谱科技,company/67741403,可视化信息技术服务提供商,industry.SERVICE_INDUSTRIES,phase.E,city.北京市
514,周同科技,company/67622910,视频人工智能技术与应用解决方案提供商,industry.AI,phase.INFORMAL,city.北京市
515,百涉科技,company/67139852,基于AI大数据的大学生涯规划服务商,industry.EDUCATION_TRAINING,phase.NONE,city.北京市
516,睿视偕行,company/66477864,自动驾驶技术提供商,industry.AI,phase.NONE,city.北京市
517,龙加智科技,company/65559490,人工智能芯片研发商,industry.AI,phase.A,city.北京市
518,云章科技,company/64688344,人脸识别技术服务提供商,industry.AI,phase.NONE,city.北京市
519,英烁智能,company/64463572,车险智能风控大数据平台,industry.FINANCE,phase.ANGEL,city.北京市
520,迪路科技,company/63977865,数据处理软件开发商,industry.SERVICE_INDUSTRIES,phase.ANGEL,city.北京市
521,墨奇科技,company/63460681,指纹识别解决方案提供商,industry.AI,phase.NONE,city.北京市
522,王华周智能镜面,company/63103222,虚拟客服交互系统研发商,industry.AI,phase.NONE,city.北京市
523,希为科技,company/62966787,基于人工智能与大数据的金融行业解决方案提供商,industry.SERVICE_INDUSTRIES,phase.NONE,city.北京市
524,衡石科技,company/62389534,人工智能数据分析平台,industry.AI,phase.A,city.北京市
525,叮咚音响,company/62353464,智能音箱研发商,industry.INTELLIGENT_HARDWARE,phase.NONE,city.北京市
526,点剑科技,company/62290786,语音控制技术服务商,industry.AI,phase.NONE,city.北京市
527,NNDeal,company/61961706,基于人工智能的商业地产选址服务平台,industry.SERVICE_INDUSTRIES,phase.ANGEL,city.北京市
528,深度智耀,company/61590108,新药研发服务提供商,industry.MEDICAL_HEALTH,phase.B,city.北京市
529,探源咨询,company/61571735,智能健康管理服务平台,industry.MEDICAL_HEALTH,phase.NONE,city.北京市
530,沃方科技,company/60767592,心电智能识别系统研发商,industry.MEDICAL_HEALTH,phase.ANGEL,city.北京市
531,慧影AI应用系统,company/60503882,智能辅助医疗影像诊断系统研发商,industry.MEDICAL_HEALTH,phase.NONE,city.北京市
532,鹿音智能旅行电台,company/60341073,全球目的地智能旅行电台,industry.TRAVEL_OUTDOORS,phase.NONE,city.北京市
533,启元世界,company/60162438,认知决策智能技术研发商,industry.AI,phase.ANGEL,city.北京市
534,细推,company/60151421,生物识别技术服务提供商,industry.AI,phase.NONE,city.北京市
535,华坞影视,company/59832033,AI剧本交易及孵化服务商,industry.MEDIA,phase.NONE,city.北京市
536,尚世明达,company/59537716,生物特征识别技术服务商,industry.AI,phase.NONE,city.北京市
537,鼎视智慧,company/59274747,皮肤病AI诊断服务商,industry.AI,phase.NONE,city.北京市
538,Linkface,company/58578661,人脸识别技术服务商,industry.AI,phase.A,city.北京市
539,鲸航科技,company/58090228,AI英语口语学习服务商,industry.EDUCATION_TRAINING,phase.NONE,city.北京市
540,睿客邦科技,company/57485141,人工智能解决方案提供商,industry.AI,phase.ANGEL,city.北京市
541,圈内圈外文化,company/57336712,IP运营商,industry.MEDIA,phase.A,city.北京市
542,天启慧眼,company/57285732,人工智能技术研发及应用服务商,industry.AI,phase.NONE,city.北京市
543,奥法科技,company/57113403,语义识别智能管家研发商,industry.AI,phase.A,city.北京市
544,区块链联合发展组织,company/56745778,区块链联合发展组织,industry.SERVICE_INDUSTRIES,phase.NONE,city.北京市
545,德龙智投,company/55799093,智能投顾服务提供商,industry.FINANCE,phase.NONE,city.北京市
546,伟景智能,company/55786602,智能视觉感知解决方案提供商,industry.AI,phase.A_PLUS,city.北京市
547,海豚智保,company/55769734,智能保单管理服务提供商,industry.FINANCE,phase.NONE,city.北京市
548,四维口袋科技,company/55237618,基于游戏的人工智能技术研发商,industry.AI,phase.ANGEL,city.北京市
549,罗博智能,company/54287657,机器人系统研发商,industry.ROBOT,phase.ANGEL,city.北京市
550,海漠天际,company/53702045,无人智能系统研发商,industry.AI,phase.NONE,city.北京市
551,中科金睛,company/53470884,智能视觉技术软硬件提供商,industry.AI,phase.NONE,city.北京市
552,真信认证科技,company/52861466,互联网实名认证及反身份欺诈服务商,industry.SERVICE_INDUSTRIES,phase.NONE,city.北京市
553,北络技术,company/52404610,人工智能三维场景数据服务商,industry.AI,phase.NONE,city.北京市
554,景星DI,company/52028582,创投行业信息整合分析平台,industry.SERVICE_INDUSTRIES,phase.NONE,city.北京市
555,联泰集群,company/51892695,高性能计算机产品、软件开发和解决方案提供商,industry.SERVICE_INDUSTRIES,phase.NONE,city.北京市
556,万图拍APP,company/51700813,智能视觉图片分析大数据平台,industry.AI,phase.ANGEL,city.北京市
557,三创社群,company/50798872,AI区块链及产业深度服务与投资平台,industry.SERVICE_INDUSTRIES,phase.NONE,city.北京市
558,毗邻智慧医疗,company/50681169,智能健康管理服务平台,industry.MEDICAL_HEALTH,phase.NONE,city.北京市
559,臻利知识,company/49998374,人工智能知识产权服务提供商,industry.SERVICE_INDUSTRIES,phase.ANGEL,city.北京市
560,中国人工智能产业发展联盟,company/48973925,人工智能产业发展公共服务平台,industry.AI,phase.NONE,city.北京市
561,密码派APP,company/48752149,用生日解析人际关系的科学APP,industry.AI,phase.PRE_A,city.北京市
562,东方策医药,company/48437992,医药数据信息平台,industry.SERVICE_INDUSTRIES,phase.ANGEL,city.北京市
563,纽伦智能,company/48421630,智能云计算平台提供商,industry.SERVICE_INDUSTRIES,phase.NONE,city.北京市
564,希尔贝壳,company/47913205,人工智能数据服务提供商,industry.AI,phase.NONE,city.北京市
565,探客柏瑞,company/47232749,人际沟通数据采集与算法整合服务提供商,industry.SERVICE_INDUSTRIES,phase.NONE,city.北京市
566,瑞特森传感科技,company/46580138,高清3D成像激光雷达研发商,industry.AI,phase.ANGEL,city.北京市
567,AI/ML Reads,company/46439212,基于人工智能和机器学习的资源导航网站,industry.MEDIA,phase.NONE,city.北京市
568,AIGO,company/46339283,无人值守零售店的研发商,industry.AI,phase.NONE,city.北京市
569,智能制造,company/46223695,工业物联与智能硬件全案供应商,industry.SERVICE_INDUSTRIES,phase.NONE,city.北京市
570,熊猫加加,company/45760851,少儿英语学习服务平台,industry.EDUCATION_TRAINING,phase.NONE,city.北京市
571,深极智能,company/45686231,运用人工智能制作游戏的研发商,industry.AI,phase.ANGEL,city.北京市
572,元络科技,company/45353725,云端机器人研发商,industry.AI,phase.ANGEL,city.北京市
573,人工智能国际培训平台,company/44889423,AI人才培训服务提供商,industry.EDUCATION_TRAINING,phase.NONE,city.北京市
574,冰滴科技,company/44563377,区块链技术服务提供商,industry.SERVICE_INDUSTRIES,phase.NONE,city.北京市
575,睿企信息,company/43864991,智能安防服务提供商,industry.SERVICE_INDUSTRIES,phase.ANGEL,city.北京市
576,沃德股市气象站,company/42550163,利用人工智能技术对市场进行分析的投顾平台,industry.FINANCE,phase.NONE,city.北京市
577,创世融,company/42200318,金融数据和分析工具服务商,industry.FINANCE,phase.NONE,city.北京市
578,Chatopera,company/42157033,企业聊天机器人应用解决方案提供商,industry.SERVICE_INDUSTRIES,phase.SEED,city.北京市
579,西格码列顿,company/42105386,智能诊疗服务平台,industry.MEDICAL_HEALTH,phase.NONE,city.北京市
580,风唐科技,company/41876658,金融科技服务商,industry.FINANCE,phase.NONE,city.北京市
581,矩阵未来,company/41174577,房产置业人工智能数据综合解决方案提供商,industry.AI,phase.ANGEL,city.北京市
582,英浦教育,company/40884262,K12英语教育资源服务平台,industry.EDUCATION_TRAINING,phase.NONE,city.北京市
583,家庭糖医,company/40761716,糖尿病AI诊疗服务平台,industry.MEDICAL_HEALTH,phase.NONE,city.北京市
584,抗癌斗士,company/40430196,癌症数据分析平台,industry.MEDICAL_HEALTH,phase.NONE,city.北京市
585,镭场景,company/40416400,物联网场景应用服务商,industry.SERVICE_INDUSTRIES,phase.NONE,city.北京市
586,数粒宝,company/40375230,育种服务研发商,industry.FARMING,phase.NONE,city.北京市
587,创鑫汇智,company/40219892,大数据及移动互联网行业解决方案提供商,industry.SERVICE_INDUSTRIES,phase.NONE,city.北京市
588,深感科技,company/40046647,人脸识别算法研发商,industry.AI,phase.NONE,city.北京市
589,圣旦集团,company/39559426,奶粉品牌运营服务商,industry.SERVICE_INDUSTRIES,phase.NONE,city.北京市
590,远舢智能,company/39461646,工业智能化平台提供商,industry.SERVICE_INDUSTRIES,phase.NONE,city.北京市
591,Pickson,company/39367136,招聘机器人研发商,industry.SERVICE_INDUSTRIES,phase.NONE,city.北京市
592,智尊保,company/38904052,无人驾驶系统研发商,industry.AI,phase.NONE,city.北京市
593,Foodies福吉时,company/38831304,半无人便利店运营商,industry.CONSUMER_LIFESTYLE,phase.NONE,city.北京市
594,即刻叁医疗,company/38641283,医疗成像技术服务提供商,industry.MEDICAL_HEALTH,phase.NONE,city.北京市
595,银幕智慧传媒,company/37366202,AI影视内容整合营销服务提供商,industry.MEDIA,phase.NONE,city.北京市
596,帝派智能,company/36669981,人机交互智能技术研发商,industry.AI,phase.NONE,city.北京市
597,青橙车险,company/35843956,车险智能化解决方案提供商,industry.FINANCE,phase.NONE,city.北京市
598,比特加Bitplus,company/35328004,疾病智能诊断系统研发商,industry.MEDICAL_HEALTH,phase.B,city.北京市
599,深度好奇,company/34220454,深度智能AI研发商,industry.AI,phase.ANGEL,city.北京市
600,DMAI智能科技,company/34198852,人工智能技术应用服务商,industry.AI,phase.NONE,city.北京市
601,迅奥科技,company/34010374,大数据及人工智能技术服务提供商,industry.SERVICE_INDUSTRIES,phase.NONE,city.北京市
602,京通智华,company/33980041,无人驾驶技术研发商,industry.AUTO,phase.NONE,city.北京市
603,行语科技,company/33543187,行为语言整体解决方案提供商,industry.AI,phase.NONE,city.北京市
604,中联晟世,company/33224924,人脸识别技术研发商,industry.AI,phase.A,city.北京市
605,小帽科技,company/33050295,人工智能识别技术研发商,industry.AI,phase.ANGEL,city.北京市
606,小马智行,company/32359509,自动驾驶型解决方案提供商,industry.AI,phase.INFORMAL,city.北京市
607,大陆智源,company/32125607,安防机器人研发商,industry.ROBOT,phase.ANGEL,city.北京市
608,青椒科技,company/31592504,利用人工智能对A股分析师进行评级的公司,industry.FINANCE,phase.NONE,city.北京市
609,腾灵元点,company/31391336,AI影像诊断技术开发商,industry.MEDICAL_HEALTH,phase.NONE,city.北京市
610,米寿健康,company/31219898,医疗养老护理机构,industry.MEDICAL_HEALTH,phase.NONE,city.北京市
611,探维科技,company/30008312,激光雷达技术方案提供商,industry.AUTO,phase.ANGEL,city.北京市
612,澎思智能,company/29844013,人工智能安防服务商,industry.AI,phase.A,city.北京市
613,中科安凯,company/29584641,AI安防技术服务商,industry.AI,phase.NONE,city.北京市
614,和兴健康,company/28960703,医疗大数据和智能应用服务提供商,industry.MEDICAL_HEALTH,phase.NONE,city.北京市
615,羿娲科技,company/28942560,图像增强识别与数据分析挖掘技术研究应用服务商,industry.AI,phase.NONE,city.北京市
616,精灵标注助手,company/28556488,人工智能数据集标注工具,industry.SOFTWARE,phase.NONE,city.北京市
617,i小呼,company/27221666,智能问答机器人研发商,industry.AI,phase.NONE,city.北京市
618,全视云安,company/26685714,云安全服务提供商,industry.SERVICE_INDUSTRIES,phase.NONE,city.北京市
619,语知科技,company/26555380,自然语言理解技术平台,industry.AI,phase.NONE,city.北京市
620,小桥APP,company/26542781,AI诱导企业资源互易,industry.SOCIAL_NETWORK,phase.NONE,city.北京市
621,智慧图谱,company/26396986,人工智能科技服务商,industry.SERVICE_INDUSTRIES,phase.NONE,city.北京市
622,eBrain,company/25949241,AI金融服务商,industry.FINANCE,phase.A,city.北京市
623,中科信利,company/25943065,语音识别技术公司,industry.SERVICE_INDUSTRIES,phase.NONE,city.北京市
624,北科慧识,company/25684332,掌纹和掌静脉识别系统研发商,industry.AI,phase.NONE,city.北京市
625,猎户星空,company/25252649,语音交互技术研发商,industry.AI,phase.A,city.北京市
626,主线科技,company/25224347,无人驾驶技术研发商,industry.AI,phase.A,city.北京市
627,起宏图科技,company/24533323,AI医疗与VR技术开发商,industry.AI,phase.ANGEL,city.北京市
628,拾海智能,company/24492453,AI图像大数据服务商,industry.AI,phase.NONE,city.北京市
629,深境智能,company/23889197,人工智能解决方案提供商,industry.AI,phase.NONE,city.北京市
630,乐荐信息,company/23406610,智能健康平台,industry.MEDICAL_HEALTH,phase.NONE,city.北京市
631,人工智能前沿讲习班,company/23221242,人工智能领域青年从业者的学术性活动平台,industry.EDUCATION_TRAINING,phase.NONE,city.北京市
632,北京壹佰米机器人,company/22930020,家用机器人研发商,industry.ROBOT,phase.INFORMAL,city.北京市
633,鹰斐图灵,company/22084485,工业智能服务提供商,industry.SERVICE_INDUSTRIES,phase.NONE,city.北京市
634,正鹰科技,company/22084178,声纹识别技术解决方案供应商,industry.AI,phase.NONE,city.北京市
635,清华信研院语音语言中心,company/22078761,语言识别系统开发商,industry.AI,phase.NONE,city.北京市
636,翼石科技,company/21937213,人机交互技术提供商,industry.AI,phase.PRE_A,city.北京市
637,圣康汇金,company/21388178,综合性金融服务平台,industry.FINANCE,phase.NONE,city.北京市
638,核芯互联,company/20946753,物联网解决方案提供商,industry.INTELLIGENT_HARDWARE,phase.SEED,city.北京市
639,创羿兴晟,company/20724182,物联网应用及技术服务提供商,industry.SERVICE_INDUSTRIES,phase.ANGEL,city.北京市
640,华颐技术,company/20274324,人工智能行业解决方案提供商,industry.AI,phase.NONE,city.北京市
641,健科云网,company/19878304,医疗大数据提供商,industry.MEDICAL_HEALTH,phase.NONE,city.北京市
642,千呼机器人,company/19190373,聊天机器人研发商,industry.AI,phase.NONE,city.北京市
643,水木元生,company/18104158,智能健康采集终端研发商,industry.MEDICAL_HEALTH,phase.B,city.北京市
644,易达图灵,company/17589301,人工智能技术应用开发商,industry.AI,phase.NONE,city.北京市
645,源石智影,company/17197076,AI电影制作服务平台,industry.AI,phase.NONE,city.北京市
646,OnVideo,company/16553728,云端智能音视频生产与处理平台,industry.AI,phase.SEED,city.北京市
647,客知音,company/16536772,销售对话智能分析系统,industry.SERVICE_INDUSTRIES,phase.ANGEL,city.北京市
648,记忆王教育,company/15439608,AI英语学习服务商,industry.EDUCATION_TRAINING,phase.NONE,city.北京市
649,图灵链,company/15187271,自然语言公链提供商,industry.AI,phase.NONE,city.北京市
650,易联视讯,company/14932403,视频交互技术服务提供商,industry.AI,phase.ANGEL,city.北京市
651,云歌科技,company/12632802,机器学习产品研发服务商,industry.AI,phase.ANGEL,city.北京市
652,良医,company/12278634,基于人工智能的中医健康管理服务商,industry.MEDICAL_HEALTH,phase.NONE,city.北京市
653,知存科技,company/12265676,嵌入式人工智能芯片研发商,industry.AI,phase.A,city.北京市
654,凌美芯,company/12094611,三维数字化服务提供商,industry.SERVICE_INDUSTRIES,phase.ANGEL,city.北京市
655,Chaindigg,company/11174394,区块链大数据分析平台服务商,industry.SERVICE_INDUSTRIES,phase.ANGEL,city.北京市
656,汉科云端,company/10935885,智能安防解决方案提供商,industry.AI,phase.NONE,city.北京市
657,杜丫丫学英语,company/10855075,早教英语学习机研发商,industry.EDUCATION_TRAINING,phase.PRE_A,city.北京市
658,途说Tripinsight,company/10784272,酒店经营大数据服务商,industry.SERVICE_INDUSTRIES,phase.NONE,city.北京市
659,体云科技,company/10499164,人体数据采集解决方案提供商,industry.AI,phase.NONE,city.北京市
660,爱必投,company/9789751,数字资产资社区媒体,industry.MEDIA,phase.NONE,city.北京市
661,Robot-eye,company/9316479,智能识别系统研发商,industry.AI,phase.NONE,city.北京市
662,simpiyBrand.io,company/9292347,电商打假服务平台,industry.SERVICE_INDUSTRIES,phase.NONE,city.北京市
663,北京冲浪科技,company/9205215,人工智能基础数据提供商,industry.AI,phase.ANGEL,city.北京市
664,正音天成,company/8889546,声纹识别技术及服务提供商,industry.AI,phase.NONE,city.北京市
665,北京极睿科技,company/8709698,零售行业人工智能解决方案提供商,industry.AI,phase.ANGEL,city.北京市
666,乐乐语音,company/8588515,智能语音交互技术服务提供商,industry.AI,phase.NONE,city.北京市
667,和润岛健康管理,company/8091692,医疗大数据服务提供商,industry.MEDICAL_HEALTH,phase.NONE,city.北京市
668,深智机器视觉,company/8072215,机器视觉技术研发及服务商,industry.AI,phase.NONE,city.北京市
669,睿搏心血管监测平台,company/8049585,心血管监测服务平台,industry.MEDICAL_HEALTH,phase.NONE,city.北京市
670,小信分信息,company/8009040,消费金融服务商,industry.FINANCE,phase.NONE,city.北京市
671,WOODAI,company/7849899,智能木材识别系统研发商,industry.AI,phase.NONE,city.北京市
672,飞澈科技,company/7243841,自动驾驶图像识别技术开发商,industry.AI,phase.NONE,city.北京市
673,长木谷,company/6582688,AI医疗解决方案提供商,industry.MEDICAL_HEALTH,phase.SEED,city.北京市
674,深度视觉科技,company/4999566,计算机视觉技术研发商,industry.AI,phase.SEED,city.北京市
675,嘻范科技,company/4445053,智能知识讲解系统研发商,industry.AI,phase.ANGEL,city.北京市
676,绘阅APP,company/4409057,英语分级阅读学习平台,industry.EDUCATION_TRAINING,phase.NONE,city.北京市
677,智律平台,company/4365932,人工智能法律专业服务平台,industry.SERVICE_INDUSTRIES,phase.SEED,city.北京市
678,中国家医平台,company/3291802,基层医疗机构查询服务平台,industry.MEDICAL_HEALTH,phase.NONE,city.北京市
679,智慧摩羯,company/3046886,体育大数据分析服务提供商,industry.SPORTS,phase.NONE,city.北京市
680,01音乐,company/2779643,AI音乐学习软件,industry.EDUCATION_TRAINING,phase.NONE,city.北京市
681,君德男科,company/2617076,人工智能男科医疗一站式服务平台,industry.MEDICAL_HEALTH,phase.NONE,city.北京市
682,小度商城,company/2395733,AI智能产品电商平台,industry.E_COMMERCE,phase.NONE,city.北京市
683,品智能量,company/1041004,汽车领域自然语言处理应用研发商,industry.AI,phase.ANGEL,city.北京市
684,大石科技,company/609456,图像识别及计算机视觉系统研发商,industry.AI,phase.NONE,city.北京市
685,海鑫科金,company/178991,生物特征识别技术及系统研发商,industry.AI,phase.NEEQ,city.北京市
686,贝和科技,company/178702,通过人工智能手段获取行业大数据为企业提供商业解决方案的公司,industry.SERVICE_INDUSTRIES,phase.NONE,city.北京市
687,学海智伴,company/178367,AI英语学习辅助系统研发商,industry.EDUCATION_TRAINING,phase.NONE,city.北京市
688,索维智能,company/177769,人工智能科技研发及服务商,industry.AI,phase.NONE,city.北京市
689,Comet Labs,company/177613,人工智能孵化器与创业投资平台,industry.SERVICE_INDUSTRIES,phase.A,city.北京市
690,眼神科技,company/177535,生物识别技术解决方案提供商,industry.AI,phase.A,city.北京市
691,医之数科技,company/177327,智慧医疗和医疗大数据服务提供商,industry.MEDICAL_HEALTH,phase.NONE,city.北京市
692,领媒科技,company/176839,AR语音智能技术研发商,industry.AI,phase.NONE,city.北京市
693,图玛深维,company/176491,医学诊断系统开发商,industry.MEDICAL_HEALTH,phase.B,city.北京市
694,盛开互动,company/175750,视觉智能交互技术开发商,industry.AI,phase.NONE,city.北京市
695,冰立方VR,company/165125,VR拍摄合成方案服务商,industry.VR_AR,phase.ANGEL,city.北京市
696,云天弈,company/160846,传媒大数据与自然语言处理服务提供商,industry.AI,phase.ANGEL,city.北京市
697,法狗狗,company/157994,基于人工智能的案情预测系统研发商,industry.SERVICE_INDUSTRIES,phase.PRE_A,city.北京市
698,海嘉科技,company/156287,动态自适应加速技术研发商,industry.AI,phase.NONE,city.北京市
699,半人,company/156240,机器学习技术服务提供商,industry.AI,phase.NONE,city.北京市
700,OCR Space,company/155253,图像识别技术研发商,industry.AI,phase.NONE,city.北京市
701,壹云互联,company/153655,智能化工程技术服务商,industry.SERVICE_INDUSTRIES,phase.NONE,city.北京市
702,糖贝安,company/153462,妊娠期智能血糖健康管理平台,industry.MEDICAL_HEALTH,phase.NONE,city.北京市
703,三健医疗,company/150460,移动医疗设备和医疗大数据提供商,industry.MEDICAL_HEALTH,phase.NONE,city.北京市
704,数据魔方,company/149975,人工智能大数据资源服务提供商,industry.AI,phase.NONE,city.北京市
705,康联畅享医疗,company/147746,呼吸健康管理与大数据服务平台,industry.MEDICAL_HEALTH,phase.NONE,city.北京市
706,保医通,company/146460,医疗数据服务提供商,industry.MEDICAL_HEALTH,phase.ANGEL,city.北京市
707,极道科技,company/145910,生物信息数据服务提供商,industry.SERVICE_INDUSTRIES,phase.ANGEL,city.北京市
708,银理安,company/144142,金融信息化服务提供商,industry.SERVICE_INDUSTRIES,phase.NONE,city.北京市
709,九亿焦点,company/140167,基于人工智能和大数据技术的智能营销传播平台,industry.SERVICE_INDUSTRIES,phase.NONE,city.北京市
710,图灵视控,company/135949,机器视觉自动化解决方案服务商,industry.AI,phase.NONE,city.北京市
711,依通科技,company/135834,人工智能识别技术及大数据分析服务提供商,industry.SERVICE_INDUSTRIES,phase.NONE,city.北京市
712,司响科技,company/133958,声码互动应用服务提供商,industry.SERVICE_INDUSTRIES,phase.A,city.北京市
713,好导医,company/133190,妇科医院搜索服务平台,industry.MEDICAL_HEALTH,phase.NONE,city.北京市
714,北京深度智慧,company/130922,企业网站建设和web应用软件开发公司,industry.SERVICE_INDUSTRIES,phase.NONE,city.北京市
715,HoloMagic,company/129984,智能诊断服务平台,industry.MEDICAL_HEALTH,phase.NONE,city.北京市
716,寒武纪科技,company/124305,AI芯片研发商,industry.AI,phase.B,city.北京市
717,重湖格悦,company/119270,互联网营销服务商,industry.SERVICE_INDUSTRIES,phase.NONE,city.北京市
718,神州瞳科技,company/117405,机器视觉技术研发商,industry.AI,phase.NONE,city.北京市
719,小丁智能,company/117336,智能化营销客服系统提供商,industry.SERVICE_INDUSTRIES,phase.ANGEL,city.北京市
720,乐视汽车,company/116076,自动驾驶技术研发商,industry.AI,phase.INFORMAL,city.北京市
721,宇音天下,company/114262,语音信号处理技术研发商,industry.AI,phase.NONE,city.北京市
722,极限元,company/113623,智能语音交互技术提供商,industry.AI,phase.A,city.北京市
723,奥本未来,company/113292,AR营销服务提供商,industry.VR_AR,phase.INFORMAL,city.北京市
724,火星医疗搜索,company/113013,医疗搜索引擎,industry.MEDICAL_HEALTH,phase.NONE,city.北京市
725,闪思科技,company/112525,专注于VR技术的平台,industry.SERVICE_INDUSTRIES,phase.NONE,city.北京市
726,数动力健康科技,company/111629,健康数据处理与分析服务平台,industry.MEDICAL_HEALTH,phase.ANGEL,city.北京市
727,聚力维度,company/109554,智能3D视频转换服务提供商,industry.AI,phase.A,city.北京市
728,九维咨询,company/106702,企业战略决策解决方案提供商,industry.SERVICE_INDUSTRIES,phase.NONE,city.北京市
729,特斯联,company/106211,城市级智能物联网服务提供商,industry.SERVICE_INDUSTRIES,phase.B,city.北京市
730,北京联芯科技,company/105666,防伪溯源解决方案提供商,industry.SERVICE_INDUSTRIES,phase.NONE,city.北京市
731,智山机器人,company/105049,移动机器人模块化解决方案供应商,industry.ROBOT,phase.A,city.北京市
732,维他智能医生,company/104824,智能诊断服务平台,industry.MEDICAL_HEALTH,phase.A,city.北京市
733,博云视觉,company/104217,视觉搜索分析技术及应用研发商,industry.AI,phase.ANGEL,city.北京市
734,FaceThink,company/104008,情绪识别引擎技术研发商,industry.AI,phase.PRE_A,city.北京市
735,飞搜科技,company/104005,在线人脸识别引擎技术研发商,industry.AI,phase.PRE_A,city.北京市
736,深图智服,company/103218,深度学习及图像智能识别技术服务商,industry.AI,phase.ANGEL,city.北京市
737,云镜科技,company/100604,AI智能售卖机研发运营商,industry.SERVICE_INDUSTRIES,phase.NONE,city.北京市
738,中科奥森,company/100094,人脸识别和智能视频技术研发商,industry.AI,phase.A,city.北京市
739,印象认知,company/99994,生物特征识别解决方案提供商,industry.AI,phase.B,city.北京市
740,人加智能,company/98893,机器人立体视觉技术研发商,industry.AI,phase.A,city.北京市
741,有求医疗,company/98859,智能诊断服务平台,industry.MEDICAL_HEALTH,phase.PRE_A,city.北京市
742,品识科技,company/96951,生物识别技术研发商,industry.AI,phase.NONE,city.北京市
743,一览群智,company/95158,大数据人工智能应用服务商,industry.AI,phase.A,city.北京市
744,zingfront智线,company/94806,AI驱动的视频创意公司,industry.SERVICE_INDUSTRIES,phase.A,city.北京市
745,葡萄创投,company/94795,基于人工智能领域的创投服务平台,industry.SERVICE_INDUSTRIES,phase.INFORMAL,city.北京市
746,三爱随访,company/93739,在线医疗随访数据服务平台,industry.MEDICAL_HEALTH,phase.ANGEL,city.北京市
747,度秘,company/92417,对话式人工智能系统研发商,industry.AI,phase.NONE,city.北京市
748,听听科技,company/92042,语音交互系统提供商,industry.AI,phase.NONE,city.北京市
749,思创贯宇,company/91287,医学影像处理技术及解决方案提供商,industry.MEDICAL_HEALTH,phase.NONE,city.北京市
750,金虫子科技,company/90590,AI智能投顾系统研发商,industry.AI,phase.NONE,city.北京市
751,中徽,company/90472,智能教育产品开发商,industry.EDUCATION_TRAINING,phase.NONE,city.北京市
752,东方金指,company/88764,生物特征识别技术研发商,industry.AI,phase.NONE,city.北京市
753,医天下,company/88570,智能健康管理服务提供商,industry.MEDICAL_HEALTH,phase.NONE,city.北京市
754,松果体,company/87560,基于人工智能编程技术的智能云平台,industry.AI,phase.NONE,city.北京市
755,文通科技,company/74160,图像文字识别技术研发商,industry.AI,phase.NONE,city.北京市
756,思源科安,company/73886,生物识别智能终端解决方案提供商,industry.AI,phase.PRE_A,city.北京市
757,acnlp,company/73848,自然语言分析服务提供商,industry.AI,phase.NONE,city.北京市
758,听道APP,company/73525,AI录音文件处理平台,industry.AI,phase.NONE,city.北京市
759,易道博识,company/72271,模式识别技术及解决方案提供商,industry.AI,phase.A,city.北京市
760,朗观视觉,company/71077,图像视觉产品及整体解决方案提供商,industry.AI,phase.NONE,city.北京市
761,s先生,company/70645,AI对话技术研发商,industry.AI,phase.ANGEL,city.北京市
762,真挚资本,company/64941,机器人理财服务商,industry.FINANCE,phase.NONE,city.北京市
763,嗵嗵e研,company/64936,临床研究数据采集管理平台,industry.MEDICAL_HEALTH,phase.NONE,city.北京市
764,速感科技,company/63144,机器视觉导航定位解决方案提供商,industry.AI,phase.B,city.北京市
765,药师360,company/62090,药品查询管理服务平台,industry.MEDICAL_HEALTH,phase.NONE,city.北京市
766,中航爱创客,company/59673,工业科技领域资讯媒体平台,industry.MEDIA,phase.NONE,city.北京市
767,投资探戈,company/59547,基于人工智能的互联网金融投资聚合器,industry.SERVICE_INDUSTRIES,phase.NONE,city.北京市
768,法海风控,company/59524,基于人工智能的金融大数据风控品牌,industry.FINANCE,phase.A,city.北京市
769,悠脉科技,company/58307,健康大数据信息服务提供商,industry.MEDICAL_HEALTH,phase.NONE,city.北京市
770,阿波罗留学助手,company/58162,人工智能海外留学问答服务平台,industry.EDUCATION_TRAINING,phase.NONE,city.北京市
771,i晓得,company/57591,AI教育技术应用服务商,industry.EDUCATION_TRAINING,phase.NONE,city.北京市
772,普尔财管家,company/57508,基于智能模型及数据分析的理财服务平台,industry.FINANCE,phase.NONE,city.北京市
773,Linker领科云,company/51065,人工智能管理服务提供商,industry.AI,phase.A,city.北京市
774,51设计商城,company/50400,人工智能设计O2O平台,industry.AI,phase.NONE,city.北京市
775,千搜科技,company/49834,人脸识别技术研发商,industry.AI,phase.NONE,city.北京市
776,英泰智,company/48428,为盲人提供智慧视觉感知系统的服务商,industry.AI,phase.NEEQ,city.北京市
777,鑫光智信,company/47487,静脉身份识别技术服务提供商,industry.AI,phase.NONE,city.北京市
778,无形语言科技,company/47431,语义理解行业解决方案提供商,industry.AI,phase.NONE,city.北京市
779,神马药APP,company/47362,药品信息搜索引擎,industry.MEDICAL_HEALTH,phase.NONE,city.北京市
780,后易科技,company/45582,生物识别技术研发商,industry.AI,phase.ANGEL,city.北京市
781,医信数据,company/42892,肿瘤诊疗云端决策支持服务提供商,industry.MEDICAL_HEALTH,phase.NONE,city.北京市
782,海鑫智圣,company/40771,生物特征识别技术研发商,industry.AI,phase.NONE,city.北京市
783,远鉴科技,company/38726,生物识别技术研发商,industry.AI,phase.E,city.北京市
784,神畅科技,company/38690,智能辅助诊断产品研发商,industry.MEDICAL_HEALTH,phase.NONE,city.北京市
785,Simbok森博克,company/37715,虹膜识别技术研发及应用服务商,industry.AI,phase.NONE,city.北京市
786,AI学,company/36537,基于人工智能的考试升学服务平台,industry.EDUCATION_TRAINING,phase.NONE,city.北京市
787,大连文思海辉,company/35662,IT咨询和外包服务提供商,industry.SERVICE_INDUSTRIES,phase.ACQUIRED,city.北京市
788,安易信,company/34806,互联网大数据及区块链服务提供商,industry.SERVICE_INDUSTRIES,phase.NONE,city.北京市
789,恩福健康,company/34412,智慧医疗服务提供商,industry.MEDICAL_HEALTH,phase.NONE,city.北京市
790,脉思科技,company/34198,智能医疗设备研发商,industry.MEDICAL_HEALTH,phase.NONE,city.北京市
791,一搭App,company/33935,基于人脸识别技术时尚穿搭APP,industry.CONSUMER_LIFESTYLE,phase.ANGEL,city.北京市
792,中云网安,company/33798,信息安全解决方案提供商,industry.SERVICE_INDUSTRIES,phase.A,city.北京市
793,优讯网,company/30862,全媒体舆情监测服务平台,industry.SERVICE_INDUSTRIES,phase.NONE,city.北京市
794,北京筑讯科技,company/26915,智慧工地数据化平台,industry.SERVICE_INDUSTRIES,phase.NONE,city.北京市
795,易手邦,company/25882,自然语言智能文本云服务平台,industry.SERVICE_INDUSTRIES,phase.ANGEL,city.北京市
796,东方价值线,company/25387,金融大数据和私募基金经理培养服务平台,industry.FINANCE,phase.B,city.北京市
797,Alchemist,company/24240,AI股票分析平台,industry.FINANCE,phase.NONE,city.北京市
798,秀秀美颜测试识别器,company/23431,长相测试娱乐APP,industry.SOFTWARE,phase.NONE,city.北京市
799,驱动中国,company/22924,科技资讯网站,industry.MEDIA,phase.NONE,city.北京市
800,iTalk,company/22174,语音即时翻译应用,industry.AI,phase.NONE,city.北京市
801,Yi+,company/21911,人工智能计算机视觉解决方案服务商,industry.AI,phase.B_PLUS,city.北京市
802,步咚语义云,company/21526,语音识别系统研发商,industry.AI,phase.NONE,city.北京市
803,SoundInk,company/20612,声印码技术研发服务商,industry.AI,phase.ANGEL,city.北京市
804,金思通,company/20395,智能个性化教育平台,industry.EDUCATION_TRAINING,phase.NONE,city.北京市
805,人工智能浏览器,company/20226,仿人操作浏览器,industry.SOFTWARE,phase.NONE,city.北京市
806,大牙网,company/18761,口腔医疗搜索平台,industry.MEDICAL_HEALTH,phase.NONE,city.北京市
807,无线未来,company/18536,智能软硬件技术开发商,industry.AI,phase.NONE,city.北京市
808,泰伯网,company/14477,人工智能及跨界领域资讯媒体,industry.MEDIA,phase.A,city.北京市
809,水木云科,company/14007,健康管理定制服务平台,industry.MEDICAL_HEALTH,phase.NONE,city.北京市
810,橙医,company/13284,医疗大数据服务提供商,industry.MEDICAL_HEALTH,phase.NONE,city.北京市
811,渡鸦科技,company/11718,智能家居中控平台研发商,industry.AI,phase.ACQUIRED,city.北京市
812,和冠科技,company/11107,数字界面解决方案提供商,industry.AI,phase.NONE,city.北京市
813,融汇金信,company/10775,AI金融机器人研发商,industry.FINANCE,phase.NONE,city.北京市
814,药名通,company/10734,药品信息查询服务平台,industry.MEDICAL_HEALTH,phase.NONE,city.北京市
815,易检科技,company/10623,智能健康管理服务提供商,industry.MEDICAL_HEALTH,phase.NONE,city.北京市
816,IMPOWER,company/9238,嵌入式家用视觉智能算法供应商,industry.AI,phase.ANGEL,city.北京市
817,弥财金融,company/9172,智能投顾服务提供商,industry.FINANCE,phase.PRE_A,city.北京市
818,SAP中国,company/8882,企业应用软件提供商,industry.SERVICE_INDUSTRIES,phase.NONE,city.北京市
819,阿凡题,company/7932,在线题库问答平台,industry.EDUCATION_TRAINING,phase.C,city.北京市
820,班墨科技,company/5988,人工智能测试平台,industry.SOFTWARE,phase.NONE,city.北京市
821,聚宝网技术,company/5658,AI智能营销及客服服务提供商,industry.SERVICE_INDUSTRIES,phase.NONE,city.北京市
822,中科虹霸,company/5281,虹膜识别技术提供商,industry.INTELLIGENT_HARDWARE,phase.INFORMAL,city.北京市
823,赛肯科技,company/4443,基于生物识别的身份验证服务提供商,industry.AI,phase.ANGEL,city.北京市
824,壹健康,company/4414,导诊机器人研发商,industry.MEDICAL_HEALTH,phase.ANGEL,city.北京市
825,BigBoss,company/3209,基于人工智能的日程管理软件,industry.SOFTWARE,phase.NONE,city.北京市
826,触景无限,company/3044,计算机视觉技术服务提供商,industry.AI,phase.A_PLUS,city.北京市
827,大贤科技,company/2953,新能源大数据服务提供商,industry.SERVICE_INDUSTRIES,phase.ANGEL,city.北京市
